record_id,parent_post_id,kind,date,due_time,due_rule,text,status,content_hash
2026-10-12_1100_TEACH_1,2026-10-12_1100,TEACH,2026-10-12,11:00,After verified parent; in numbered sequence,"1. Name the person and the situation. ""A beginner making her first guide"" gives you more to work with than ""everyone who wants success"".",READY,4a9bb7e78d7182722812290960d074a716d7a6b4755958e5d62559af35935207
2026-10-12_1100_TEACH_2,2026-10-12_1100,TEACH,2026-10-12,11:00,After verified parent; in numbered sequence,"2. Say what she can use when she finishes. A clear worksheet, a working page, a decision. Make the change something she can recognise.",READY,195feecf1bd65eceb1df5989649a73b0267799e297a9120a0aeb5b792abd67f1
2026-10-12_1100_TEACH_3,2026-10-12_1100,TEACH,2026-10-12,11:00,After verified parent; in numbered sequence,3. Check the ask. Can she tell what to do next and what it costs? Read the sentence without your product name.,READY,ff817812e84e66bd48d9de6cf532c5f19ff2c59837663a1f5353d10d583986fd
2026-10-12_1100_ARTICLE,2026-10-12_1100,ARTICLE,2026-10-12,12:00,60 minutes after actual TEACH parent publication,"The offer-design explanation is here:
https://www.thedigitalincomeedit.com/learn/creating-your-first-offer",READY,cd0bf42a52b02864777987a13d674017f17035a9ca47dfc7b1768be2cc3884ff
2026-10-12_1300_LINK,2026-10-12_1300,LINK,2026-10-12,13:00,Immediately after verified parent is live,"Read the AI Influencer Starter Twin details here:
https://links.thedigitalincomeedit.com/shop/fdfdf1a4-ce57-4bdb-8a41-df57e5d13c2f",READY,cee3cea178cbd0666ba415ad752a9f1faab9ba4958df7356e93faada4a8a3f40
2026-10-13_1100_TEACH_1,2026-10-13_1100,TEACH,2026-10-13,11:00,After verified parent; in numbered sequence,"1. Find a question in a comment, a group discussion or a search suggestion. Save the wording and the place you found it.",READY,160201f9bdd6a7b7038a0f272a002f81c92b372cf2febf88aef9a058cad2f9e8
2026-10-13_1100_TEACH_2,2026-10-13_1100,TEACH,2026-10-13,11:00,After verified parent; in numbered sequence,2. Answer the question directly before adding context. Your reader should get something useful even if she stops after the opening.,READY,cc8f936147a8e3754a23406adbe5c6089aa3973d68b084decabcdb286afd74ee
2026-10-13_1100_TEACH_3,2026-10-13_1100,TEACH,2026-10-13,11:00,After verified parent; in numbered sequence,3. Add an example or an action in your own words. The question is research. The answer is your work.,READY,557daaf693816315bb9fc3fc0afae50f7c433753964212df09f22638588b2bd6
2026-10-13_1100_ARTICLE,2026-10-13_1100,ARTICLE,2026-10-13,12:00,60 minutes after actual TEACH parent publication,"The longer version on finding questions is here:
https://www.thedigitalincomeedit.com/learn/content-from-questions",READY,8206afee0728840e904d64a4ffbd656fa18bc3660039183f8ae2f0ca6fe6530c
2026-10-13_1300_LINK,2026-10-13_1300,LINK,2026-10-13,13:00,Immediately after verified parent is live,"Start the free Weekend Build Challenge here:
https://www.thedigitalincomeedit.com/resources/weekend-build-challenge",READY,070dbf211763fe2bf387f424a8213d6942d101200a848fb2c7f4fd0eaf329ee9
2026-10-14_1100_TEACH_1,2026-10-14_1100,TEACH,2026-10-14,11:00,After verified parent; in numbered sequence,1. Hide the handle and look at the words. Leave the favourite posts out of the special treatment; check what you publish regularly.,READY,a3178a404ebb18db988951564ba849fbdad898873c997cb940e52d9808d57f89
2026-10-14_1100_TEACH_2,2026-10-14_1100,TEACH,2026-10-14,11:00,After verified parent; in numbered sequence,"2. Circle a sentence that states a real opinion. If there isn't one, choose the advice you disagree with and explain why.",READY,08e50aace8bd0bc4a7c8f414d31bb6a5224a9a64c52ad8d877aedfc879ac0211
2026-10-14_1100_TEACH_3,2026-10-14_1100,TEACH,2026-10-14,11:00,After verified parent; in numbered sequence,3. Keep the reader recognisable. Your point of view gets clearer when you know whose problem you're talking about.,READY,8a3ee3ab6ad2e31a036a8c6e43707b0bb921cd118b015be9e2a43d8684e9d9bc
2026-10-14_1100_ARTICLE,2026-10-14_1100,ARTICLE,2026-10-14,12:00,60 minutes after actual TEACH parent publication,"Try the full logo-off test here:
https://www.thedigitalincomeedit.com/learn/logo-off-test",READY,a3ae3c40a6c155433625b035494968ec85da4f6bb89cdbe9d5403619a61ffe0b
2026-10-14_1300_LINK,2026-10-14_1300,LINK,2026-10-14,13:00,Immediately after verified parent is live,"Read the Pretty & Paid PLR Vault™ details and licensing here:
https://links.thedigitalincomeedit.com/shop/e7555c8f-7348-4ab4-99ce-0569d6dd0839",READY,850243db504d2c024ba592604060fb00097cc827bed156bd63604de6b935afa9
2026-10-15_1100_TEACH_1,2026-10-15_1100,TEACH,2026-10-15,11:00,After verified parent; in numbered sequence,1. Write the question the article answers. Keep that question beside the draft so the page doesn't wander into every topic you know.,READY,a2b386cee15c90bacf0007961b90fb0ed9f290c98f9fb6d4fa67f67fdc3cf0ef
2026-10-15_1100_TEACH_2,2026-10-15_1100,TEACH,2026-10-15,11:00,After verified parent; in numbered sequence,"2. Choose a relevant next step. A tool, a guide or a related explanation. It should continue the help, not interrupt it.",READY,3f81d34fb972cbfeae390a7a898c58fd979844785d8da0ea6c8d24c0b9640434
2026-10-15_1100_TEACH_3,2026-10-15_1100,TEACH,2026-10-15,11:00,After verified parent; in numbered sequence,3. Click through as if you've never seen the business. Check the destination and the words on the button.,READY,1acac2afbb4935d4113fbe069f289aa78631c69fd1089ba90af9b55efc8467f4
2026-10-15_1100_ARTICLE,2026-10-15_1100,ARTICLE,2026-10-15,12:00,60 minutes after actual TEACH parent publication,"The article on giving your content a route is here:
https://www.thedigitalincomeedit.com/learn/room-with-one-door",READY,902fb3827ab1477f6ddf8a8a23c4ddc6c1d307ecc3b24a5ade299761c4cb5814
2026-10-15_1300_LINK,2026-10-15_1300,LINK,2026-10-15,13:00,Immediately after verified parent is live,"Walk through The Weekend Ecosystem™ before deciding:
https://www.thedigitalincomeedit.com/weekend-ecosystem/preview",READY,6a22b4ffa25e277eef601b8b92804f27ca7f3cb787ce717e142c18ca85ef17c8
2026-10-16_1100_TEACH_1,2026-10-16_1100,TEACH,2026-10-16,11:00,After verified parent; in numbered sequence,"1. List the trigger, the inputs and the action. Include where the finished work is supposed to live.",READY,58465fc46f2e7d09fbe422a37f274b5af3f28a9fafb85e3d9ef19e5f7abd4d98
2026-10-16_1100_TEACH_2,2026-10-16_1100,TEACH,2026-10-16,11:00,After verified parent; in numbered sequence,2. Run the task manually and check the output. A recurring mistake gets recurring faster when you automate it.,READY,d16b96fef269cb2a4e8bb66d1e1b438642712764da279ce970510a4e0d736b8a
2026-10-16_1100_TEACH_3,2026-10-16_1100,TEACH,2026-10-16,11:00,After verified parent; in numbered sequence,3. Define the evidence you'll keep. Reopen the saved result or read it back from the destination before marking it complete.,READY,de97ab041efb852ca24845a8a9738759a64eb9aef86abfdf4aabad8da1ba8369
2026-10-16_1100_ARTICLE,2026-10-16_1100,ARTICLE,2026-10-16,12:00,60 minutes after actual TEACH parent publication,"More on documenting before automating here:
https://www.thedigitalincomeedit.com/learn/business-that-runs-without-you",READY,ccf2e663ab1a82b86ec07bc8c23d0229717544efc131beafe6f247c7f2579e84
2026-10-16_1300_LINK,2026-10-16_1300,LINK,2026-10-16,13:00,Immediately after verified parent is live,"See what's inside The Operating Prompts™ here:
https://links.thedigitalincomeedit.com/shop/607fd173-9065-49f3-9a69-7b18ac2b5876",READY,07c5e0fcc9d8a4f72590b8620109186363cc06a38a348ecc1e9ee82b31c2134f
2026-10-17_1100_TEACH_1,2026-10-17_1100,TEACH,2026-10-17,11:00,After verified parent; in numbered sequence,"1. Keep a record of finished assets. A drafted post, a scheduled post and a published post have different states.",READY,d4c76420b513e1184e59d355e8285be64440f7d73202ccb6f3ab003f71117aad
2026-10-17_1100_TEACH_2,2026-10-17_1100,TEACH,2026-10-17,11:00,After verified parent; in numbered sequence,"2. Record audience actions only where you have evidence. Replies, clicks and follows each tell you something different.",READY,7e1bbc274a0965276aa59789eadceefca4a7ec690a16c1a5aa26438fe4b89998
2026-10-17_1100_TEACH_3,2026-10-17_1100,TEACH,2026-10-17,11:00,After verified parent; in numbered sequence,3. Leave unknowns blank or label them. Don't turn a view count into a sales result because you wish the spreadsheet looked better.,READY,63ed27e6b347375803a4b165eae00989ce7d90113349cb3c304b684be6cd5dd9
2026-10-17_1100_ARTICLE,2026-10-17_1100,ARTICLE,2026-10-17,12:00,60 minutes after actual TEACH parent publication,"The longer explanation of a useful scoreboard is here:
https://www.thedigitalincomeedit.com/learn/measuring-the-wrong-thing",READY,626d325cf26c6760316f45c0ac926fb208ad2d97e5b4ceb4da3f04c913c774ed
2026-10-17_1300_LINK,2026-10-17_1300,LINK,2026-10-17,13:00,Immediately after verified parent is live,"Open the Membership Standard plan here:
https://www.skool.com/thedigitalincomeedit/plans",READY,01fe26b372b6e2ac24a28fec1efd71bdc7b745af373cbd05503e6e0756546f89
2026-10-18_1100_TEACH_1,2026-10-18_1100,TEACH,2026-10-18,11:00,After verified parent; in numbered sequence,1. Read the signup promise before writing the welcome email. Name the resource and deliver what the reader came for.,READY,ee19d14153881d36149a5332ad44ad0dd71a19e3d748d783e05ace25c75f983b
2026-10-18_1100_TEACH_2,2026-10-18_1100,TEACH,2026-10-18,11:00,After verified parent; in numbered sequence,2. Make the next step connect to that same problem. One useful route is easier to follow than your entire catalogue.,READY,d19d0d55f8476b2c2fb0f5c987ab0866d957b49d388506b3bbb1237a27f9e788
2026-10-18_1100_TEACH_3,2026-10-18_1100,TEACH,2026-10-18,11:00,After verified parent; in numbered sequence,3. Test the links and the delivery path. Save the email somewhere you can find it before starting the next one.,READY,391fa4262ff8a5eddee0415b54824893b2722c67ea75b9ac4d3a60f8eb081256
2026-10-18_1100_ARTICLE,2026-10-18_1100,ARTICLE,2026-10-18,12:00,60 minutes after actual TEACH parent publication,"The welcome-email planning guide is here:
https://www.thedigitalincomeedit.com/learn/email-marketing-guide",READY,3888b57bff03847ec15363d84dd0f03c97809df00280bbbd1e560b204db25eab
2026-10-18_1300_LINK,2026-10-18_1300,LINK,2026-10-18,13:00,Immediately after verified parent is live,"Find your next step here:
https://www.thedigitalincomeedit.com/resources/find-your-door",READY,ed05a9c29a6e8eee2dcd0b0403fabeb0df8e2fc3366c20cba5263776be9f862e
