post_id,date,time,timezone,slot_type,body,hook_label,offer_name,reply_text,reply_due_time,article_reply_text,article_reply_due_time,source_urls,approval,status,reply_status,article_reply_status,content_hash,reply_hash,article_reply_hash,teach_replies_json
2026-10-12_0700,2026-10-12,07:00,America/New_York,OPEN,"Your business plan can survive Monday without becoming a new business plan.

Pick the piece you're finishing. Leave the rebrand alone for a minute.",open-d1,,,,,,https://www.thedigitalincomeedit.com/learn/creating-your-first-offer,APPROVED,READY,NOT_REQUIRED,NOT_REQUIRED,82fa86337fef51a0d4bc3d71b3b1cf7cc2a3c56390d828baf24ea7416c237155,,,[]
2026-10-12_0900,2026-10-12,09:00,America/New_York,ASK,"Pick the part that's slowing you down right now: deciding what to sell, explaining it, or getting people to the page.

Which one keeps sending you back to the beginning?",ask-d1,,,,,,https://www.thedigitalincomeedit.com/learn/creating-your-first-offer,APPROVED,READY,NOT_REQUIRED,NOT_REQUIRED,ac3ec8a26466bf793fc8a3244b62e799eb3496a314b75dfa8fb54614d664c3ec,,,[]
2026-10-12_1100,2026-10-12,11:00,America/New_York,TEACH,"A stranger shouldn't need your life story to understand your offer.

Write the useful change first. Then check what you're asking her to do.

Try this before you make another slide.",teach-d1,,,,"The offer-design explanation is here:
https://www.thedigitalincomeedit.com/learn/creating-your-first-offer",12:00,https://www.thedigitalincomeedit.com/learn/creating-your-first-offer,APPROVED,READY,NOT_REQUIRED,READY,85c7f1aff16a1c322f7bc3dee1119472040a8ea8a9dca3a3294af33568c271e8,,cd0bf42a52b02864777987a13d674017f17035a9ca47dfc7b1768be2cc3884ff,"[{""record_id"": ""2026-10-12_1100_TEACH_1"", ""parent_post_id"": ""2026-10-12_1100"", ""kind"": ""TEACH"", ""date"": ""2026-10-12"", ""due_time"": ""11:00"", ""due_rule"": ""After verified parent; in numbered sequence"", ""text"": ""1. Name the person and the situation. \""A beginner making her first guide\"" gives you more to work with than \""everyone who wants success\""."", ""status"": ""READY"", ""content_hash"": ""4a9bb7e78d7182722812290960d074a716d7a6b4755958e5d62559af35935207""}, {""record_id"": ""2026-10-12_1100_TEACH_2"", ""parent_post_id"": ""2026-10-12_1100"", ""kind"": ""TEACH"", ""date"": ""2026-10-12"", ""due_time"": ""11:00"", ""due_rule"": ""After verified parent; in numbered sequence"", ""text"": ""2. Say what she can use when she finishes. A clear worksheet, a working page, a decision. Make the change something she can recognise."", ""status"": ""READY"", ""content_hash"": ""195feecf1bd65eceb1df5989649a73b0267799e297a9120a0aeb5b792abd67f1""}, {""record_id"": ""2026-10-12_1100_TEACH_3"", ""parent_post_id"": ""2026-10-12_1100"", ""kind"": ""TEACH"", ""date"": ""2026-10-12"", ""due_time"": ""11:00"", ""due_rule"": ""After verified parent; in numbered sequence"", ""text"": ""3. Check the ask. Can she tell what to do next and what it costs? Read the sentence without your product name."", ""status"": ""READY"", ""content_hash"": ""ff817812e84e66bd48d9de6cf532c5f19ff2c59837663a1f5353d10d583986fd""}]"
2026-10-12_1300,2026-10-12,13:00,America/New_York,OFFER,"The brand can have a face without turning you into its full-time photographer.

AI Influencer Starter Twin is $97.

Open the product details and see if it fits what you're building. Link in my reply.",offer-d1,AI Influencer Starter Twin,"Read the AI Influencer Starter Twin details here:
https://links.thedigitalincomeedit.com/shop/fdfdf1a4-ce57-4bdb-8a41-df57e5d13c2f",13:00,,,https://links.thedigitalincomeedit.com/shop/fdfdf1a4-ce57-4bdb-8a41-df57e5d13c2f,APPROVED,READY,READY,NOT_REQUIRED,b8212eeb408f94bd51d11973c3bbaf911aab887b30b80f638302097e08b304aa,cee3cea178cbd0666ba415ad752a9f1faab9ba4958df7356e93faada4a8a3f40,,[]
2026-10-12_1500,2026-10-12,15:00,America/New_York,TAKE,"I care more about an offer I can explain than an offer with a gorgeous name.

The name gets a gold sticker. The explanation has to do the work.",take-d1,,,,,,https://www.thedigitalincomeedit.com/learn/creating-your-first-offer,APPROVED,READY,NOT_REQUIRED,NOT_REQUIRED,9bafbd1cf3423d4af967117c61da4c11b4d608ccb52169bcd97faf39d5724105,,,[]
2026-10-12_1700,2026-10-12,17:00,America/New_York,UPDATE,"My Monday rule: the next step has to be small enough to start.

""Work on the business"" isn't an instruction. ""Write the offer sentence"" is.",update-d1,,,,,,https://www.thedigitalincomeedit.com/learn/creating-your-first-offer,APPROVED,READY,NOT_REQUIRED,NOT_REQUIRED,8cb21a1a5fc568c8f77ca9435f775bdfaf12d8ed754bc638f0b38bb3ac343f64,,,[]
2026-10-13_0700,2026-10-13,07:00,America/New_York,OPEN,"The notes app has enjoyed a lovely career as your unpaid product warehouse.

Pick something useful in there and give it an address.",open-d2,,,,,,https://www.thedigitalincomeedit.com/learn/content-from-questions,APPROVED,READY,NOT_REQUIRED,NOT_REQUIRED,8bba984937e0ff81dd8962eeb2a217aea0e6cf5e0959bf3a02bc0b3a5ead5e45,,,[]
2026-10-13_0900,2026-10-13,09:00,America/New_York,ASK,"Show me the question you keep seeing in your niche.

The awkward wording counts. Especially the awkward wording. That's how people ask when they're genuinely stuck.",ask-d2,,,,,,https://www.thedigitalincomeedit.com/learn/content-from-questions,APPROVED,READY,NOT_REQUIRED,NOT_REQUIRED,15cc83d8944a4e25f37d0a93584423742d24da9d00f9e03f7178d6437a402b5b,,,[]
2026-10-13_1100,2026-10-13,11:00,America/New_York,TEACH,"A content idea can start with somebody else's question.

Keep her wording. Write your own answer.

Borrowing the problem doesn't mean borrowing the creator's work.",teach-d2,,,,"The longer version on finding questions is here:
https://www.thedigitalincomeedit.com/learn/content-from-questions",12:00,https://www.thedigitalincomeedit.com/learn/content-from-questions,APPROVED,READY,NOT_REQUIRED,READY,98704ef57b63e22b7b7c0db7caa5fb912bd367a8b97141092b507896c675cfb4,,8206afee0728840e904d64a4ffbd656fa18bc3660039183f8ae2f0ca6fe6530c,"[{""record_id"": ""2026-10-13_1100_TEACH_1"", ""parent_post_id"": ""2026-10-13_1100"", ""kind"": ""TEACH"", ""date"": ""2026-10-13"", ""due_time"": ""11:00"", ""due_rule"": ""After verified parent; in numbered sequence"", ""text"": ""1. Find a question in a comment, a group discussion or a search suggestion. Save the wording and the place you found it."", ""status"": ""READY"", ""content_hash"": ""160201f9bdd6a7b7038a0f272a002f81c92b372cf2febf88aef9a058cad2f9e8""}, {""record_id"": ""2026-10-13_1100_TEACH_2"", ""parent_post_id"": ""2026-10-13_1100"", ""kind"": ""TEACH"", ""date"": ""2026-10-13"", ""due_time"": ""11:00"", ""due_rule"": ""After verified parent; in numbered sequence"", ""text"": ""2. Answer the question directly before adding context. Your reader should get something useful even if she stops after the opening."", ""status"": ""READY"", ""content_hash"": ""cc8f936147a8e3754a23406adbe5c6089aa3973d68b084decabcdb286afd74ee""}, {""record_id"": ""2026-10-13_1100_TEACH_3"", ""parent_post_id"": ""2026-10-13_1100"", ""kind"": ""TEACH"", ""date"": ""2026-10-13"", ""due_time"": ""11:00"", ""due_rule"": ""After verified parent; in numbered sequence"", ""text"": ""3. Add an example or an action in your own words. The question is research. The answer is your work."", ""status"": ""READY"", ""content_hash"": ""557daaf693816315bb9fc3fc0afae50f7c433753964212df09f22638588b2bd6""}]"
2026-10-13_1300,2026-10-13,13:00,America/New_York,OFFER,"If every tutorial sends you down a different road, start with a sequence.

The Weekend Build Challenge is free: email assignments that walk through building the pieces in order.

Start with the link in my reply.",offer-d2,The Weekend Build Challenge,"Start the free Weekend Build Challenge here:
https://www.thedigitalincomeedit.com/resources/weekend-build-challenge",13:00,,,https://www.thedigitalincomeedit.com/resources/weekend-build-challenge,APPROVED,READY,READY,NOT_REQUIRED,6105894a2153898ed9271a7bc97ed7c32db0629902fb6ceaa2873583789493a4,070dbf211763fe2bf387f424a8213d6942d101200a848fb2c7f4fd0eaf329ee9,,[]
2026-10-13_1500,2026-10-13,15:00,America/New_York,TAKE,"I want your advice to sound like you understood the problem.

A pile of clever sentences won't rescue an answer to a question nobody asked.",take-d2,,,,,,https://www.thedigitalincomeedit.com/learn/content-from-questions,APPROVED,READY,NOT_REQUIRED,NOT_REQUIRED,2541e4d8f39d41abd765f1b6cf980114857466638de952b6f5d742f3259b3e58,,,[]
2026-10-13_1700,2026-10-13,17:00,America/New_York,UPDATE,"Here's what I'd put in a content folder: the question, your answer, and where the finished piece lives.

Future you deserves better than ""final-final-USE-THIS"".",update-d2,,,,,,https://www.thedigitalincomeedit.com/learn/content-from-questions,APPROVED,READY,NOT_REQUIRED,NOT_REQUIRED,2c6485675fc708aff58eb10fd18d147a44616237234619df7081a1e8daba995e,,,[]
2026-10-14_0700,2026-10-14,07:00,America/New_York,OPEN,"A business voice is allowed to have an opinion.

You can be helpful and still say the template everyone keeps copying is doing absolutely nothing for the reader.",open-d3,,,,,,https://www.thedigitalincomeedit.com/learn/logo-off-test,APPROVED,READY,NOT_REQUIRED,NOT_REQUIRED,eaf6c86a82ccec1ba6531c0baf8bcb27c98704dde3da9a0d579a0d6815289c32,,,[]
2026-10-14_0900,2026-10-14,09:00,America/New_York,ASK,"Finish this sentence in your own words: ""I wish more people in my industry would stop ___.""

Keep it about the advice or the process. We're not roasting women for trying.",ask-d3,,,,,,https://www.thedigitalincomeedit.com/learn/logo-off-test,APPROVED,READY,NOT_REQUIRED,NOT_REQUIRED,7482abe598795aa34a48d1e85fb94959f4d14abad0d2bb4ef58e85b974fd9f91,,,[]
2026-10-14_1100,2026-10-14,11:00,America/New_York,TEACH,"Cover the handle on a few of your posts.

Read the words. Could they belong to any account in your niche?

If yes, start with the opinion you keep editing out.",teach-d3,,,,"Try the full logo-off test here:
https://www.thedigitalincomeedit.com/learn/logo-off-test",12:00,https://www.thedigitalincomeedit.com/learn/logo-off-test,APPROVED,READY,NOT_REQUIRED,READY,d138da1afc6532c1052c60bb6bfff52d1f25653737007a4d131113cb4aa64c9f,,a3ae3c40a6c155433625b035494968ec85da4f6bb89cdbe9d5403619a61ffe0b,"[{""record_id"": ""2026-10-14_1100_TEACH_1"", ""parent_post_id"": ""2026-10-14_1100"", ""kind"": ""TEACH"", ""date"": ""2026-10-14"", ""due_time"": ""11:00"", ""due_rule"": ""After verified parent; in numbered sequence"", ""text"": ""1. Hide the handle and look at the words. Leave the favourite posts out of the special treatment; check what you publish regularly."", ""status"": ""READY"", ""content_hash"": ""a3178a404ebb18db988951564ba849fbdad898873c997cb940e52d9808d57f89""}, {""record_id"": ""2026-10-14_1100_TEACH_2"", ""parent_post_id"": ""2026-10-14_1100"", ""kind"": ""TEACH"", ""date"": ""2026-10-14"", ""due_time"": ""11:00"", ""due_rule"": ""After verified parent; in numbered sequence"", ""text"": ""2. Circle a sentence that states a real opinion. If there isn't one, choose the advice you disagree with and explain why."", ""status"": ""READY"", ""content_hash"": ""08e50aace8bd0bc4a7c8f414d31bb6a5224a9a64c52ad8d877aedfc879ac0211""}, {""record_id"": ""2026-10-14_1100_TEACH_3"", ""parent_post_id"": ""2026-10-14_1100"", ""kind"": ""TEACH"", ""date"": ""2026-10-14"", ""due_time"": ""11:00"", ""due_rule"": ""After verified parent; in numbered sequence"", ""text"": ""3. Keep the reader recognisable. Your point of view gets clearer when you know whose problem you're talking about."", ""status"": ""READY"", ""content_hash"": ""8a3ee3ab6ad2e31a036a8c6e43707b0bb921cd118b015be9e2a43d8684e9d9bc""}]"
2026-10-14_1300,2026-10-14,13:00,America/New_York,OFFER,"A starting file should save you starting from nothing.

Pretty & Paid PLR Vault™ is $11/month.

Read the product details and licensing information before choosing it for your business. Link in my reply.",offer-d3,Pretty & Paid PLR Vault™,"Read the Pretty & Paid PLR Vault™ details and licensing here:
https://links.thedigitalincomeedit.com/shop/e7555c8f-7348-4ab4-99ce-0569d6dd0839",13:00,,,https://links.thedigitalincomeedit.com/shop/e7555c8f-7348-4ab4-99ce-0569d6dd0839,APPROVED,READY,READY,NOT_REQUIRED,d4f02776be0b5463afa0d759a748d664588db9ad72c2ce8ab660179503152c81,850243db504d2c024ba592604060fb00097cc827bed156bd63604de6b935afa9,,[]
2026-10-14_1500,2026-10-14,15:00,America/New_York,TAKE,"Some advice has been reposted so often it's started dressing as a fact.

I'm still going to ask where the evidence came from. A beige carousel isn't a source.",take-d3,,,,,,https://www.thedigitalincomeedit.com/learn/logo-off-test,APPROVED,READY,NOT_REQUIRED,NOT_REQUIRED,02ab9ded62ccd0af5644e0a16d5a01580a849a3e9810c1877ca10c039af02db0,,,[]
2026-10-14_1700,2026-10-14,17:00,America/New_York,UPDATE,"My line for using a template: I still want to hear your point of view.

Change the examples. Check the facts. Say the part you mean. Keep your name on work you can stand behind.",update-d3,,,,,,https://www.thedigitalincomeedit.com/learn/logo-off-test,APPROVED,READY,NOT_REQUIRED,NOT_REQUIRED,588f9380f9caa020ea5e288925193985f21d36c3ce1b581f6bf6b9383ae1af99,,,[]
2026-10-15_0700,2026-10-15,07:00,America/New_York,OPEN,"Please stop making a new thing every time the old thing gets hard to explain.

Try fixing the explanation before adding another product to the group chat.",open-d4,,,,,,https://www.thedigitalincomeedit.com/learn/room-with-one-door,APPROVED,READY,NOT_REQUIRED,NOT_REQUIRED,3202a3ff40141a4a705705ab94cbd83c9505eddea936b6ead9932a9f4b51a871,,,[]
2026-10-15_0900,2026-10-15,09:00,America/New_York,ASK,"Choose something you've already written that deserves a permanent home.

A lesson, an answer, a guide.

What's the piece you keep hunting for when someone needs it?",ask-d4,,,,,,https://www.thedigitalincomeedit.com/learn/room-with-one-door,APPROVED,READY,NOT_REQUIRED,NOT_REQUIRED,781fd71bb79d89381d2b3b28250ddc9174e5461ede917c6eb86fb2fb4def3a96,,,[]
2026-10-15_1100,2026-10-15,11:00,America/New_York,TEACH,"Before you build a website, decide where a useful article sends its reader next.

The next step should fit the problem she came to solve.

A menu of everything you sell isn't a route.",teach-d4,,,,"The article on giving your content a route is here:
https://www.thedigitalincomeedit.com/learn/room-with-one-door",12:00,https://www.thedigitalincomeedit.com/learn/room-with-one-door,APPROVED,READY,NOT_REQUIRED,READY,86f1b3d6831b5ffa7c6f322d56d5b600e1f5c91b4e2ad20743c7d33168121786,,902fb3827ab1477f6ddf8a8a23c4ddc6c1d307ecc3b24a5ade299761c4cb5814,"[{""record_id"": ""2026-10-15_1100_TEACH_1"", ""parent_post_id"": ""2026-10-15_1100"", ""kind"": ""TEACH"", ""date"": ""2026-10-15"", ""due_time"": ""11:00"", ""due_rule"": ""After verified parent; in numbered sequence"", ""text"": ""1. Write the question the article answers. Keep that question beside the draft so the page doesn't wander into every topic you know."", ""status"": ""READY"", ""content_hash"": ""a2b386cee15c90bacf0007961b90fb0ed9f290c98f9fb6d4fa67f67fdc3cf0ef""}, {""record_id"": ""2026-10-15_1100_TEACH_2"", ""parent_post_id"": ""2026-10-15_1100"", ""kind"": ""TEACH"", ""date"": ""2026-10-15"", ""due_time"": ""11:00"", ""due_rule"": ""After verified parent; in numbered sequence"", ""text"": ""2. Choose a relevant next step. A tool, a guide or a related explanation. It should continue the help, not interrupt it."", ""status"": ""READY"", ""content_hash"": ""3f81d34fb972cbfeae390a7a898c58fd979844785d8da0ea6c8d24c0b9640434""}, {""record_id"": ""2026-10-15_1100_TEACH_3"", ""parent_post_id"": ""2026-10-15_1100"", ""kind"": ""TEACH"", ""date"": ""2026-10-15"", ""due_time"": ""11:00"", ""due_rule"": ""After verified parent; in numbered sequence"", ""text"": ""3. Click through as if you've never seen the business. Check the destination and the words on the button."", ""status"": ""READY"", ""content_hash"": ""1acac2afbb4935d4113fbe069f289aa78631c69fd1089ba90af9b55efc8467f4""}]"
2026-10-15_1300,2026-10-15,13:00,America/New_York,OFFER,"Your best writing deserves somewhere people can find it.

The Weekend Ecosystem™ walks through building the site, articles and connected path from content you already have.

Look inside the real course, free and without an email. Preview in my reply.",offer-d4,The Weekend Ecosystem™,"Walk through The Weekend Ecosystem™ before deciding:
https://www.thedigitalincomeedit.com/weekend-ecosystem/preview",13:00,,,https://www.thedigitalincomeedit.com/weekend-ecosystem/preview,APPROVED,READY,READY,NOT_REQUIRED,96cb231e2d95dd6fd9561290ae71684230a25c6d213f6b175079d808b103869b,6a22b4ffa25e277eef601b8b92804f27ca7f3cb787ce717e142c18ca85ef17c8,,[]
2026-10-15_1500,2026-10-15,15:00,America/New_York,TAKE,"I like a website that helps someone decide.

If every button says ""learn more"" and sends her to a different mystery, we've built a very attractive scavenger hunt.",take-d4,,,,,,https://www.thedigitalincomeedit.com/learn/room-with-one-door,APPROVED,READY,NOT_REQUIRED,NOT_REQUIRED,5876dafde3b7088bfecba1225356d846ef13d4ceaeea693d95670f6f082df6cc,,,[]
2026-10-15_1700,2026-10-15,17:00,America/New_York,UPDATE,"A useful website check for tonight: start at an article and follow the next step.

Did you arrive where the words said you would?

Don't give a broken button a motivational caption.",update-d4,,,,,,https://www.thedigitalincomeedit.com/learn/room-with-one-door,APPROVED,READY,NOT_REQUIRED,NOT_REQUIRED,77d50160ed5312ceb260e8ad22e40e2e56035663b11f58a33bbc5169d12bd123,,,[]
2026-10-16_0700,2026-10-16,07:00,America/New_York,OPEN,"An automation should have a job description.

What starts it. What it does. What finished looks like.

""It handles everything"" is how everything becomes your problem again.",open-d5,,,,,,https://www.thedigitalincomeedit.com/learn/business-that-runs-without-you,APPROVED,READY,NOT_REQUIRED,NOT_REQUIRED,1c79a60a9a620b146a8ccf9aeef14c2599df600d628d31b2c4d200ecb60401fe,,,[]
2026-10-16_0900,2026-10-16,09:00,America/New_York,ASK,"Name the repeat task you'd hand over first.

Then tell me the bit you'd still want to review yourself.

Both answers matter when you build the workflow.",ask-d5,,,,,,https://www.thedigitalincomeedit.com/learn/business-that-runs-without-you,APPROVED,READY,NOT_REQUIRED,NOT_REQUIRED,04d551a9f30f6eef58e75e2e2cdafc01afdacc0927dcd68801aa8093253ed798,,,[]
2026-10-16_1100,2026-10-16,11:00,America/New_York,TEACH,"Write the manual steps before you automate the task.

Include the check after the work, not just the instruction to do it.

A tool saying ""done"" and the result being right are separate things.",teach-d5,,,,"More on documenting before automating here:
https://www.thedigitalincomeedit.com/learn/business-that-runs-without-you",12:00,https://www.thedigitalincomeedit.com/learn/business-that-runs-without-you,APPROVED,READY,NOT_REQUIRED,READY,9367cafc8fa441202051689985ad1f511b1baef67819ab73662e89db78ca393d,,ccf2e663ab1a82b86ec07bc8c23d0229717544efc131beafe6f247c7f2579e84,"[{""record_id"": ""2026-10-16_1100_TEACH_1"", ""parent_post_id"": ""2026-10-16_1100"", ""kind"": ""TEACH"", ""date"": ""2026-10-16"", ""due_time"": ""11:00"", ""due_rule"": ""After verified parent; in numbered sequence"", ""text"": ""1. List the trigger, the inputs and the action. Include where the finished work is supposed to live."", ""status"": ""READY"", ""content_hash"": ""58465fc46f2e7d09fbe422a37f274b5af3f28a9fafb85e3d9ef19e5f7abd4d98""}, {""record_id"": ""2026-10-16_1100_TEACH_2"", ""parent_post_id"": ""2026-10-16_1100"", ""kind"": ""TEACH"", ""date"": ""2026-10-16"", ""due_time"": ""11:00"", ""due_rule"": ""After verified parent; in numbered sequence"", ""text"": ""2. Run the task manually and check the output. A recurring mistake gets recurring faster when you automate it."", ""status"": ""READY"", ""content_hash"": ""d16b96fef269cb2a4e8bb66d1e1b438642712764da279ce970510a4e0d736b8a""}, {""record_id"": ""2026-10-16_1100_TEACH_3"", ""parent_post_id"": ""2026-10-16_1100"", ""kind"": ""TEACH"", ""date"": ""2026-10-16"", ""due_time"": ""11:00"", ""due_rule"": ""After verified parent; in numbered sequence"", ""text"": ""3. Define the evidence you'll keep. Reopen the saved result or read it back from the destination before marking it complete."", ""status"": ""READY"", ""content_hash"": ""de97ab041efb852ca24845a8a9738759a64eb9aef86abfdf4aabad8da1ba8369""}]"
2026-10-16_1300,2026-10-16,13:00,America/New_York,OFFER,"If your prompts keep coming back with homework, give the tool a clearer brief.

The Operating Prompts™ are my own operating prompts, organised for the work. $19.

Read what's included through the link in my reply.",offer-d5,The Operating Prompts™,"See what's inside The Operating Prompts™ here:
https://links.thedigitalincomeedit.com/shop/607fd173-9065-49f3-9a69-7b18ac2b5876",13:00,,,https://links.thedigitalincomeedit.com/shop/607fd173-9065-49f3-9a69-7b18ac2b5876,APPROVED,READY,READY,NOT_REQUIRED,6b3e0e30778990abbc2aa0f0a73850d471b6aeed68d6cc4744a2cf8d09f5bdb9,07c5e0fcc9d8a4f72590b8620109186363cc06a38a348ecc1e9ee82b31c2134f,,[]
2026-10-16_1500,2026-10-16,15:00,America/New_York,TAKE,"I'm happy to let AI do the work. I'm still checking the result.

That isn't a failure of automation. That's how I know which part deserves to run again.",take-d5,,,,,,https://www.thedigitalincomeedit.com/learn/business-that-runs-without-you,APPROVED,READY,NOT_REQUIRED,NOT_REQUIRED,fd3347710c136672b7d3839568b24bce385f4c2238a81a9de5d8a18d19cf97b7,,,[]
2026-10-16_1700,2026-10-16,17:00,America/New_York,UPDATE,"My Friday standard: keep the receipt with the work.

The file, the location, the check.

A cheerful ""all done!"" is lovely. It can't be the entire record.",update-d5,,,,,,https://www.thedigitalincomeedit.com/learn/business-that-runs-without-you,APPROVED,READY,NOT_REQUIRED,NOT_REQUIRED,5d5d4769805633aa0893ec07ecd36ae4959af5832654280c45aeabd8dedd044e,,,[]
2026-10-17_0700,2026-10-17,07:00,America/New_York,OPEN,"Give yourself credit for the thing that's usable.

The published page. The working form. The answer someone can follow.

Your unfinished idea folder doesn't get to judge the finished work.",open-d6,,,,,,https://www.thedigitalincomeedit.com/learn/measuring-the-wrong-thing,APPROVED,READY,NOT_REQUIRED,NOT_REQUIRED,50a074776dc8e4c0e1a63a569ea9f3f0ddad66b4850844098b4fec09d1656855,,,[]
2026-10-17_0900,2026-10-17,09:00,America/New_York,ASK,"Tell me something you made usable this week.

It can be tiny. A product sentence counts if a stranger can understand it now.

I want the thing, not the apology before it.",ask-d6,,,,,,https://www.thedigitalincomeedit.com/learn/measuring-the-wrong-thing,APPROVED,READY,NOT_REQUIRED,NOT_REQUIRED,cd1b1d09794a213452747baa625daed15ee0316aa82d51c456869eacee2110d5,,,[]
2026-10-17_1100,2026-10-17,11:00,America/New_York,TEACH,"Your scoreboard should separate work finished from attention received.

A post can get seen and still leave you guessing what the reader did next.

Write down what you can actually observe.",teach-d6,,,,"The longer explanation of a useful scoreboard is here:
https://www.thedigitalincomeedit.com/learn/measuring-the-wrong-thing",12:00,https://www.thedigitalincomeedit.com/learn/measuring-the-wrong-thing,APPROVED,READY,NOT_REQUIRED,READY,6aa502f6d7899000fbf7f93b466a82525284fdde7757d3c0b4c0167a63962cb0,,626d325cf26c6760316f45c0ac926fb208ad2d97e5b4ceb4da3f04c913c774ed,"[{""record_id"": ""2026-10-17_1100_TEACH_1"", ""parent_post_id"": ""2026-10-17_1100"", ""kind"": ""TEACH"", ""date"": ""2026-10-17"", ""due_time"": ""11:00"", ""due_rule"": ""After verified parent; in numbered sequence"", ""text"": ""1. Keep a record of finished assets. A drafted post, a scheduled post and a published post have different states."", ""status"": ""READY"", ""content_hash"": ""d4c76420b513e1184e59d355e8285be64440f7d73202ccb6f3ab003f71117aad""}, {""record_id"": ""2026-10-17_1100_TEACH_2"", ""parent_post_id"": ""2026-10-17_1100"", ""kind"": ""TEACH"", ""date"": ""2026-10-17"", ""due_time"": ""11:00"", ""due_rule"": ""After verified parent; in numbered sequence"", ""text"": ""2. Record audience actions only where you have evidence. Replies, clicks and follows each tell you something different."", ""status"": ""READY"", ""content_hash"": ""7e1bbc274a0965276aa59789eadceefca4a7ec690a16c1a5aa26438fe4b89998""}, {""record_id"": ""2026-10-17_1100_TEACH_3"", ""parent_post_id"": ""2026-10-17_1100"", ""kind"": ""TEACH"", ""date"": ""2026-10-17"", ""due_time"": ""11:00"", ""due_rule"": ""After verified parent; in numbered sequence"", ""text"": ""3. Leave unknowns blank or label them. Don't turn a view count into a sales result because you wish the spreadsheet looked better."", ""status"": ""READY"", ""content_hash"": ""63ed27e6b347375803a4b165eae00989ce7d90113349cb3c304b684be6cd5dd9""}]"
2026-10-17_1300,2026-10-17,13:00,America/New_York,OFFER,"You can learn the pieces without buying every separate tutorial.

Membership Standard inside The Digital Income Edit™ is $9/month.

See the actual plan and what's included. Link in my reply.",offer-d6,Membership Standard,"Open the Membership Standard plan here:
https://www.skool.com/thedigitalincomeedit/plans",13:00,,,https://www.skool.com/thedigitalincomeedit/plans,APPROVED,READY,READY,NOT_REQUIRED,15201799f9f0654789469be94e43efab225f477851165d0c7d2e1f7ba4b7dfbd,01fe26b372b6e2ac24a28fec1efd71bdc7b745af373cbd05503e6e0756546f89,,[]
2026-10-17_1500,2026-10-17,15:00,America/New_York,TAKE,"A small audience can give you useful information.

I'd rather hear a specific objection than collect a row of fire emojis and pretend we learned something.",take-d6,,,,,,https://www.thedigitalincomeedit.com/learn/measuring-the-wrong-thing,APPROVED,READY,NOT_REQUIRED,NOT_REQUIRED,72bf80c0d183478a6ac0bd512cbfef73b2fd908199aad2c88640dfa0afe99600,,,[]
2026-10-17_1700,2026-10-17,17:00,America/New_York,UPDATE,"Tonight's check: write down what you finished and what still needs a decision.

Those are different lists.

Neither needs a paragraph about how far behind you feel.",update-d6,,,,,,https://www.thedigitalincomeedit.com/learn/measuring-the-wrong-thing,APPROVED,READY,NOT_REQUIRED,NOT_REQUIRED,8a6045f66ae7aff9481297639b673f0493390f4f637f89ae22c8ed4cb9a4c147,,,[]
2026-10-18_0700,2026-10-18,07:00,America/New_York,OPEN,"Sunday is allowed to end with a decision instead of another research spiral.

Choose the next piece. Put the notes where you'll find them. Let Monday be less dramatic.",open-d7,,,,,,https://www.thedigitalincomeedit.com/learn/email-marketing-guide,APPROVED,READY,NOT_REQUIRED,NOT_REQUIRED,9a83b748e4be581696dd0297c1cfbbfe93b3ae51856bffcc8c6129e2d709a27e,,,[]
2026-10-18_0900,2026-10-18,09:00,America/New_York,ASK,"Pick one thing you want to be clearer next week: your offer, your content, or what happens after somebody clicks.

Which one would make the rest of your work easier?",ask-d7,,,,,,https://www.thedigitalincomeedit.com/learn/email-marketing-guide,APPROVED,READY,NOT_REQUIRED,NOT_REQUIRED,d7100c4fff60049302d02098882170ebf341c7398a8e21a3faaa441fb33990a3,,,[]
2026-10-18_1100,2026-10-18,11:00,America/New_York,TEACH,"A welcome email should connect to the reason someone signed up.

Deliver the thing you promised. Explain the useful next step.

She joined for help, not a surprise tour of every product you own.",teach-d7,,,,"The welcome-email planning guide is here:
https://www.thedigitalincomeedit.com/learn/email-marketing-guide",12:00,https://www.thedigitalincomeedit.com/learn/email-marketing-guide,APPROVED,READY,NOT_REQUIRED,READY,5191cbfd62e9c83648a049d71b5a4e21e7c6834c2562e507b2825d70f23bf5b4,,3888b57bff03847ec15363d84dd0f03c97809df00280bbbd1e560b204db25eab,"[{""record_id"": ""2026-10-18_1100_TEACH_1"", ""parent_post_id"": ""2026-10-18_1100"", ""kind"": ""TEACH"", ""date"": ""2026-10-18"", ""due_time"": ""11:00"", ""due_rule"": ""After verified parent; in numbered sequence"", ""text"": ""1. Read the signup promise before writing the welcome email. Name the resource and deliver what the reader came for."", ""status"": ""READY"", ""content_hash"": ""ee19d14153881d36149a5332ad44ad0dd71a19e3d748d783e05ace25c75f983b""}, {""record_id"": ""2026-10-18_1100_TEACH_2"", ""parent_post_id"": ""2026-10-18_1100"", ""kind"": ""TEACH"", ""date"": ""2026-10-18"", ""due_time"": ""11:00"", ""due_rule"": ""After verified parent; in numbered sequence"", ""text"": ""2. Make the next step connect to that same problem. One useful route is easier to follow than your entire catalogue."", ""status"": ""READY"", ""content_hash"": ""d19d0d55f8476b2c2fb0f5c987ab0866d957b49d388506b3bbb1237a27f9e788""}, {""record_id"": ""2026-10-18_1100_TEACH_3"", ""parent_post_id"": ""2026-10-18_1100"", ""kind"": ""TEACH"", ""date"": ""2026-10-18"", ""due_time"": ""11:00"", ""due_rule"": ""After verified parent; in numbered sequence"", ""text"": ""3. Test the links and the delivery path. Save the email somewhere you can find it before starting the next one."", ""status"": ""READY"", ""content_hash"": ""391fa4262ff8a5eddee0415b54824893b2722c67ea75b9ac4d3a60f8eb081256""}]"
2026-10-18_1300,2026-10-18,13:00,America/New_York,OFFER,"All those saved tutorials need a decision attached to them.

Find Your Door is my free guide to choosing a next step for what you've built and what's stuck.

Get your result on screen. Link in my reply.",offer-d7,Find Your Door,"Find your next step here:
https://www.thedigitalincomeedit.com/resources/find-your-door",13:00,,,https://www.thedigitalincomeedit.com/resources/find-your-door,APPROVED,READY,READY,NOT_REQUIRED,a342004e9ee116bc04005292f86339fa0fa0ae121ba7200e55bb64c341765363,ed05a9c29a6e8eee2dcd0b0403fabeb0df8e2fc3366c20cba5263776be9f862e,,[]
2026-10-18_1500,2026-10-18,15:00,America/New_York,TAKE,"I can want women to win and still tell them to stop buying things they can't place in the plan.

The useful purchase is the one you know how you're going to use.",take-d7,,,,,,https://www.thedigitalincomeedit.com/learn/email-marketing-guide,APPROVED,READY,NOT_REQUIRED,NOT_REQUIRED,fe1219244c0c246642b2262e639e4fbbbe8e3adf79734274966be5887e44947b,,,[]
2026-10-18_1700,2026-10-18,17:00,America/New_York,UPDATE,"My rule for next week's plan: every task gets a clear finish line.

Write the page. Test the form. Publish the answer.

Make the list something you can complete, not a personality you're supposed to become.",update-d7,,,,,,https://www.thedigitalincomeedit.com/learn/email-marketing-guide,APPROVED,READY,NOT_REQUIRED,NOT_REQUIRED,28b80163268d0f6263f634fd8e2ae4adadc82b493e39120a2a314e2b85123c06,,,[]
