file,title,description,alt,link,board,date,time,source,topic_family,layout,persona_required,status,overlay,timezone,approval,asset_sha256,ai_label
png/core-w42-04-ai-generator-identity-v1.png,Compare AI Character Images by Identity Before You Refine the Scene,"Jodie’s observed six-generator comparison showed different faces from a shared reference and prompt. Treat that as a reason to inspect outputs rather than assume a reference guarantees consistency. Compare the intended identity first, then look at the scene, clothing and light. Keep the inputs documented so you can understand a change. This is a practical review drawn from one test, not a ranking of every model. Explore TDIE on Skool. Images are AI-generated.","TDIE number-lead pin reading “Compare Identity Before Scenery”, with three practical ai image edit steps, pink and cream cards, illustrative AI-generated imagery and the brand lockup.",https://www.skool.com/thedigitalincomeedit/about,Faceless Digital Marketing for Beginners,2026-10-12,08:00,https://www.skool.com/thedigitalincomeedit/same-reference-same-prompt-six-different-women,ai-generator-identity,number-lead,NO,READY,Compare Identity Before Scenery,America/New_York,APPROVED,78c94ca101c4a415aa056cec8af8489690d3093005dec7557f3d87225cd1bd33,ON
png/core-w42-06-affiliate-recommendation-v1.png,Write an Honest Affiliate Recommendation Around a Tool You Actually Use,"An affiliate recommendation is more useful when it answers a real buying question. Start with a tool you genuinely use, explain what you use it for, and include the limitations that matter to the reader. Put the disclosure near the recommendation rather than hiding the relationship. Check the current product details separately before sharing a link. This is a writing exercise, not an endorsement of any tool shown in the image. Explore TDIE on Skool. Images are AI-generated.","TDIE split-horizon pin reading “Recommend What You Use”, with three practical recommendation edit steps, pink and cream cards, illustrative AI-generated imagery and the brand lockup.",https://www.skool.com/thedigitalincomeedit/about,Passive Income Ideas for Beginners,2026-10-12,11:00,https://www.thedigitalincomeedit.com/learn/affiliate-marketing-for-beginners,affiliate-recommendation,split-horizon,YES,READY,Recommend What You Use,America/New_York,APPROVED,58ae9be3353cf190f1ba350a5837046d35d506a1676b5d860054db71bf886078,ON
png/core-w42-03-launch-checklist-v1.png,Plan a Faceless Launch With a Clear Offer and a Job for Each Day,"A launch checklist becomes useful when the tasks connect to decisions you have already made. Name the offer, decide what each phase needs to accomplish, and give the day one clear job. Keep the plan small enough to read when you are busy. Put the next action beside the date and make sure it supports the phase you are in. Review the route before inviting people, then use the checklist to keep the work moving. Save it for launch planning. Explore TDIE on Skool. Images are AI-generated.","TDIE left-rail pin reading “Give Each Day Direction”, with three practical launch edit steps, pink and cream cards, illustrative AI-generated imagery and the brand lockup.",https://www.skool.com/thedigitalincomeedit/about,Faceless Content Ideas,2026-10-12,14:00,ops/canon/canon.json: The 30-Day Faceless Launch Checklist; existing checklist phase visual,launch-checklist,left-rail,NO,READY,Give Each Day Direction,America/New_York,APPROVED,5768f01fdde2f3eebeb90367132ded230b8769de9a046819ed5cc24b00c4399c,ON
png/core-w42-05-shopify-fulfilment-v1.png,Build a First Physical Product Store Around the Product Before the Theme,"A physical product store needs a product decision before a weekend of theme changes. Choose the item and the person it serves, build a page around that decision, and check how fulfilment will work. A supplier app is part of the process, not evidence that every order will run perfectly. Test the route you actually set up before inviting buyers. The brand can carry the personality without requiring the founder’s face. Explore TDIE on Skool. Images are AI-generated.","TDIE quote-card pin reading “Product Before Store Theme”, with three practical store edit steps, pink and cream cards, illustrative AI-generated imagery and the brand lockup.",https://www.skool.com/thedigitalincomeedit/about,Beginner Online Business Ideas,2026-10-12,17:00,https://www.thedigitalincomeedit.com/learn/shopify-store-guide,shopify-fulfilment,quote-card,NO,READY,Product Before Store Theme,America/New_York,APPROVED,246e8fb90e1cf44499b940119ece8618717b57cb464d3421ddb3c194a9ba964d,ON
png/core-w42-01-niche-selection-v1.png,Choose a Testable Business Niche Before You Commit to a Whole Brand,"A niche can be a starting hypothesis rather than a permanent identity. Name a specific reader, check the questions she already asks, and connect those questions to a useful product idea. Look for something you can discuss credibly and keep exploring without resentment. Write down what you are testing and when you will review it. That gives your next build a direction without pretending the choice is final. Explore TDIE on Skool. Images are AI-generated.","TDIE editorial-cover pin reading “Choose A Testable Niche”, with three practical niche edit steps, pink and cream cards, illustrative AI-generated imagery and the brand lockup.",https://www.skool.com/thedigitalincomeedit/about,Faceless Digital Marketing for Beginners,2026-10-13,08:00,https://www.thedigitalincomeedit.com/learn/choosing-a-niche,niche-selection,editorial-cover,NO,READY,Choose A Testable Niche,America/New_York,APPROVED,90827232639701e41329058438935cca0a07230563063ffd924e14758bd8053f,ON
png/core-w42-02-finished-work-scoreboard-v1.png,Use a Weekly Finish List to Track the Business Work You Actually Shipped,"A weekly finish list gives you a record of work you can control. Add the article that went live, the listing someone can visit, or the email you sent. Date each item and keep drafts on a separate list. Audience numbers can help with a later review, but they do not describe every task you completed this week. Use the list as evidence of finished work without promising future results. Save this check for your next focused work session. Explore TDIE on Skool. Images are AI-generated.","TDIE hot-pink-block pin reading “Count The Finished Things”, with three practical progress edit steps, pink and cream cards, illustrative AI-generated imagery and the brand lockup.",https://www.skool.com/thedigitalincomeedit/about,Money Mindset for Women in Business,2026-10-13,11:00,https://www.thedigitalincomeedit.com/learn/measuring-the-wrong-thing,finished-work-scoreboard,hot-pink-block,NO,READY,Count The Finished Things,America/New_York,APPROVED,6c435aa10072bcdefbc4c55e11ec3d0ce75424260747d4d757063f4889b314f1,ON
png/core-w42-07-first-offer-scope-v1.png,Scope a First Digital Offer Around One Useful Change You Can Deliver,"A first offer needs a clear boundary. Name the person it helps, the bottleneck she wants to address, and the useful change you can reasonably support. Choose a format that fits that job instead of adding every idea to the first version. Read the offer sentence without your explanation beside it. If the promise is hard to understand, edit the scope before expanding the file. Clarity is the goal, not a guaranteed outcome. Explore TDIE on Skool. Images are AI-generated.","TDIE lower-third pin reading “Scope The Useful Change”, with three practical offer edit steps, pink and cream cards, illustrative AI-generated imagery and the brand lockup.",https://www.skool.com/thedigitalincomeedit/about,Beginner Online Business Ideas,2026-10-13,14:00,https://www.thedigitalincomeedit.com/learn/creating-your-first-offer,first-offer-scope,lower-third,YES,READY,Scope The Useful Change,America/New_York,APPROVED,71d5ebfa96daac55da32f8a7392e159e7d8544917ddb529006094c02624add79,ON
png/core-w42-08-audience-question-bank-v1.png,Build a Faceless Content List From Questions Your Audience Actually Asks,"A question bank starts with the words people already use. Collect questions from conversations you can legitimately read, note the situation behind each one, and group repeated needs. Choose a question you can answer usefully rather than filling a calendar with broad topics. Keep private details out of a public post. The list gives you a drafting direction; it does not establish demand or guarantee reach by itself. Explore TDIE on Skool. Images are AI-generated.","TDIE stacked-panels pin reading “Let Real Questions Lead”, with three practical content edit steps, pink and cream cards, illustrative AI-generated imagery and the brand lockup.",https://www.skool.com/thedigitalincomeedit/about,Faceless Content Ideas,2026-10-13,17:00,https://www.thedigitalincomeedit.com/learn/content-from-questions,audience-question-bank,stacked-panels,NO,READY,Let Real Questions Lead,America/New_York,APPROVED,76bc1ae2949e75947d86d69e03fdf969e255aae8bec59c98fa568cbee69455f3,ON
png/core-w42-09-brand-recognition-v1.png,Check Faceless Brand Recognition by Reading Your Posts Without the Logo,"A recognisable brand needs decisions in the words as well as the colours. Cover the logo on a few recent posts and read them together. Look for a specific reader, a point of view you can stand behind, and a teaching style that feels consistent. If those pieces disappear with the logo, write them more clearly into the next draft. This is a review of your own work, not a promise that an audience will recognise every post. Explore TDIE on Skool. Images are AI-generated.","TDIE torn-paper pin reading “Make The Words Recognisable”, with three practical brand edit steps, pink and cream cards, illustrative AI-generated imagery and the brand lockup.",https://www.skool.com/thedigitalincomeedit/about,Faceless Digital Marketing for Beginners,2026-10-14,08:00,https://www.thedigitalincomeedit.com/learn/logo-off-test,brand-recognition,torn-paper,NO,READY,Make The Words Recognisable,America/New_York,APPROVED,73d29e9f4a0aa9b7ab4a25d94b833c63d40bccc2ebd8cbd92932b7d3b455a08c,ON
png/core-w42-10-evergreen-blog-writing-v1.png,Write a Beginner Blog Opening That Answers the Reader Before the Backstory,"A useful blog opening gives the reader a reason to keep reading. Name the question the article answers and put the answer near the start. Add the context that helps her use it, then organise the rest under headings that say what each section covers. Keep the next step relevant to the question. This is an editing structure drawn from TDIE’s blogging material, not a claim that a particular opening will rank or earn traffic. Explore TDIE on Skool. Images are AI-generated.","TDIE collage pin reading “Answer Before The Backstory”, with three practical blog edit steps, pink and cream cards, illustrative AI-generated imagery and the brand lockup.",https://www.skool.com/thedigitalincomeedit/about,Beginner Online Business Ideas,2026-10-14,11:00,https://www.thedigitalincomeedit.com/learn/blogging-guide,evergreen-blog-writing,collage,NO,READY,Answer Before The Backstory,America/New_York,APPROVED,0bbbfa01fab618a1ca902ce9148bed36164168cb62d47890b2a46426542c7294,ON
png/core-w42-11-automation-sequence-v1.png,Document a Working Business Process Before You Turn It Into an Automation,"Before you automate a task, write down how the working manual version behaves. Name the input, the steps, the expected result and the point where someone checks it. Make that route repeatable before adding a tool. A faster process still needs a useful job to do. Keep a way to pause the setup and record failures before retrying. This is a workflow preparation check, not a claim that a business can run without oversight. Explore TDIE on Skool. Images are AI-generated.","TDIE editorial-cover pin reading “Document Before You Automate”, with three practical systems edit steps, pink and cream cards, illustrative AI-generated imagery and the brand lockup.",https://www.skool.com/thedigitalincomeedit/about,Faceless Digital Marketing for Beginners,2026-10-14,14:00,https://www.thedigitalincomeedit.com/learn/business-that-runs-without-you,automation-sequence,editorial-cover,NO,READY,Document Before You Automate,America/New_York,APPROVED,e84af40fd4a12eaeb918abc66a9e7919c67257304f6e457ba3dc53e475f98f46,ON
png/core-w42-12-existing-content-inventory-v1.png,Inventory Your Existing Business Content Before You Start Another Draft,"Before making another content batch, list the useful work you already have. Include articles, lesson topics, public answers and emails you may reuse. Note the question each piece answers and where the original lives. Choose one appropriate adaptation instead of publishing the whole archive. Permission and editing are separate checks, including member material. An inventory is a starting list, not a public handoff. Explore TDIE on Skool. Images are AI-generated.","TDIE hot-pink-block pin reading “Find The Work Already Done”, with three practical asset edit steps, pink and cream cards, illustrative AI-generated imagery and the brand lockup.",https://www.skool.com/thedigitalincomeedit/about,Faceless Content Ideas,2026-10-14,17:00,https://www.thedigitalincomeedit.com/learn/room-with-one-door,existing-content-inventory,hot-pink-block,NO,READY,Find The Work Already Done,America/New_York,APPROVED,f2273ce2d0a24e3c8d8e8cdd85398e23eddf3237cf843eb78b331b10e23dc109,ON
png/core-w42-13-welcome-email-planning-v1.png,Plan a First Welcome Email Around the Promise That Brought the Reader In,"The first welcome email should connect to the reason someone subscribed. Name the resource or help she expected, make the next step easy to understand, and choose one job for the message. Read it alongside the signup wording so the promise stays consistent. Check delivery settings and links separately before turning on a sequence. This pin is an email planning exercise, not proof that an email tool or automation is running. Explore TDIE on Skool. Images are AI-generated.","TDIE left-rail pin reading “Deliver What You Promised”, with three practical email edit steps, pink and cream cards, illustrative AI-generated imagery and the brand lockup.",https://www.skool.com/thedigitalincomeedit/about,Passive Income Ideas for Beginners,2026-10-15,08:00,https://www.thedigitalincomeedit.com/learn/email-marketing-guide,welcome-email-planning,left-rail,NO,READY,Deliver What You Promised,America/New_York,APPROVED,6e9c766c018358e43ace69ee495e53569f29599fc4d8bde5490536e1b0d745cd,ON
png/core-w42-14-pinterest-keyword-writing-v1.png,Write a Pinterest Title That Names the Useful Topic Shown in the Image,"A Pinterest title should help a person understand the pin’s subject. Name the actual topic in readable language, then check whether the image and description support that wording. Use related words naturally instead of stacking a keyword list. Verify the destination before describing what someone will find there. This pin points to TDIE’s Skool introduction, not a direct download. Clear wording does not guarantee distribution. Explore TDIE on Skool. Images are AI-generated.","TDIE number-lead pin reading “Name What The Pin Teaches”, with three practical pinterest edit steps, pink and cream cards, illustrative AI-generated imagery and the brand lockup.",https://www.skool.com/thedigitalincomeedit/about,Beginner Online Business Ideas,2026-10-15,11:00,https://www.thedigitalincomeedit.com/learn/pinterest-seo,pinterest-keyword-writing,number-lead,NO,READY,Name What The Pin Teaches,America/New_York,APPROVED,c5859fc6181924b17e571508a1efc8ffd61b664cae3b9c5f0a73ec501e6823ee,ON
png/core-w42-18-ai-generator-identity-v1.png,Keep Your AI Character Comparison Useful With Stable Inputs and Notes,"An AI image comparison is easier to interpret when you know what changed. Keep the reference and main prompt documented, save the outputs, and note the model used for each one. Inspect identity before choosing the prettiest scene. Jodie’s existing six-generator example informs this review, but one test cannot establish a universal winner. Use your notes to choose the next adjustment without claiming guaranteed consistency. Explore TDIE on Skool. Images are AI-generated.","TDIE stacked-panels pin reading “Keep The Comparison Fair”, with three practical ai image edit steps, pink and cream cards, illustrative AI-generated imagery and the brand lockup.",https://www.skool.com/thedigitalincomeedit/about,Faceless Digital Marketing for Beginners,2026-10-15,14:00,https://www.skool.com/thedigitalincomeedit/same-reference-same-prompt-six-different-women,ai-generator-identity,stacked-panels,NO,READY,Keep The Comparison Fair,America/New_York,APPROVED,d38453d6ad0ff7bbdd50ac87f07814525ac54c646ec7483f8dccbcc6676ea69d,ON
png/core-w42-20-affiliate-recommendation-v1.png,Shape an Affiliate Review Around the Reader’s Actual Buying Question,"A useful affiliate review has a reader with a decision to make. Explain what the tool does in the situation you know, where it may not fit, and what someone should check before choosing it. Make the affiliate relationship clear beside the recommendation. Avoid repeating a specification sheet as if it were your own experience. This pin teaches a review structure and does not contain an affiliate destination or promise earnings. Explore TDIE on Skool. Images are AI-generated.","TDIE collage pin reading “Answer The Buying Question”, with three practical recommendation edit steps, pink and cream cards, illustrative AI-generated imagery and the brand lockup.",https://www.skool.com/thedigitalincomeedit/about,Passive Income Ideas for Beginners,2026-10-15,17:00,https://www.thedigitalincomeedit.com/learn/affiliate-marketing-for-beginners,affiliate-recommendation,collage,NO,READY,Answer The Buying Question,America/New_York,APPROVED,4f5252070bdff61f7753713e5a2fa982111324605031e53c6f6dc07c7a7068b1,ON
png/core-w42-17-launch-checklist-v1.png,Build a Launch Closing Plan Around Questions and an Honest Deadline,"A closing plan should help a reader understand what happens next. Prepare a clear final reminder, answer the questions that remain, and use a deadline you intend to keep. If a plan changes, explain the change instead of pretending the original date still applies. This is an evergreen checklist angle, not a promotion for a current launch. Keep it beside your working plan so the last day has a job of its own. Explore TDIE on Skool. Images are AI-generated.","TDIE lower-third pin reading “Make The Deadline Honest”, with three practical launch edit steps, pink and cream cards, illustrative AI-generated imagery and the brand lockup.",https://www.skool.com/thedigitalincomeedit/about,Faceless Content Ideas,2026-10-16,08:00,ops/canon/canon.json: The 30-Day Faceless Launch Checklist; existing checklist phase visual,launch-checklist,lower-third,YES,READY,Make The Deadline Honest,America/New_York,APPROVED,7d859155c7af1ee45907fb7fff3b007830c4e6c24424ee197750e82a62e81034,ON
png/core-w42-19-shopify-fulfilment-v1.png,Check Your Physical Product Store From the Product Page to Fulfilment,"A store page and a fulfilment app are different parts of the same route. Read the product details, check the connection to the supplier, and use a safe test to follow what happens after checkout. Record anything that needs fixing before sending people to the page. Keep the first setup focused on the product you chose rather than an empty catalogue. This is a preparation check, not a promise of sales or automatic delivery. Explore TDIE on Skool. Images are AI-generated.","TDIE torn-paper pin reading “Check The Fulfilment Route”, with three practical store edit steps, pink and cream cards, illustrative AI-generated imagery and the brand lockup.",https://www.skool.com/thedigitalincomeedit/about,Beginner Online Business Ideas,2026-10-16,11:00,https://www.thedigitalincomeedit.com/learn/shopify-store-guide,shopify-fulfilment,torn-paper,NO,READY,Check The Fulfilment Route,America/New_York,APPROVED,11107648719d61def3418e12af8ffa588e49febd1d8a6186798fce88556774dc,ON
png/core-w42-15-niche-selection-v1.png,Narrow Your Business Niche by Naming the Reader and Her Situation,"A broad category is harder to explain than a specific reader in a specific situation. Start with the person you can help and the moment she needs that help. Write a positioning sentence, then ask whether a stranger could recognise herself in it. Check the idea against real questions rather than choosing from a list of supposedly profitable niches. You can refine the direction after a small, useful test. Explore TDIE on Skool. Images are AI-generated.","TDIE quote-card pin reading “Narrow The Reader First”, with three practical niche edit steps, pink and cream cards, illustrative AI-generated imagery and the brand lockup.",https://www.skool.com/thedigitalincomeedit/about,Faceless Digital Marketing for Beginners,2026-10-16,14:00,https://www.thedigitalincomeedit.com/learn/choosing-a-niche,niche-selection,quote-card,NO,READY,Narrow The Reader First,America/New_York,APPROVED,189ea530be677793dddc9ce96b83097a3111a9f007d42776894eb0e29c68ca21,ON
png/core-w42-16-finished-work-scoreboard-v1.png,Make a Business Progress Scoreboard From Your Own Finished Work,"Comparing your beginning with another creator’s visible results gives you an incomplete picture. Bring the review back to your own work: what is finished, what is public, and what needs a next step? Keep a dated record you can actually inspect. Study another person’s structure when it gives you a useful technique to try, then return to your own list. Progress notes are evidence of work, not earnings proof. Explore TDIE on Skool. Images are AI-generated.","TDIE split-horizon pin reading “Keep Your Own Scoreboard”, with three practical progress edit steps, pink and cream cards, illustrative AI-generated imagery and the brand lockup.",https://www.skool.com/thedigitalincomeedit/about,Money Mindset for Women in Business,2026-10-16,17:00,https://www.thedigitalincomeedit.com/learn/measuring-the-wrong-thing,finished-work-scoreboard,split-horizon,YES,READY,Keep Your Own Scoreboard,America/New_York,APPROVED,57e81d448bb64d3d70c44ce813527f15a1b364d7c053c5ed23bd96a105dec88e,ON
png/core-w42-21-first-offer-scope-v1.png,Edit Your First Digital Offer by Cutting Promises Outside Its Scope,"A small offer gets harder to explain when it carries unrelated promises. Read the draft and mark the outcome you are actually building for. Keep the help that supports that outcome and move extra ideas to a later list. Check whether the format and instructions fit the person using it. Ask someone to repeat the offer back in her own words. This is a scope review, not evidence that a product will sell or deliver every result. Explore TDIE on Skool. Images are AI-generated.","TDIE editorial-cover pin reading “Cut The Extra Promises”, with three practical offer edit steps, pink and cream cards, illustrative AI-generated imagery and the brand lockup.",https://www.skool.com/thedigitalincomeedit/about,Beginner Online Business Ideas,2026-10-17,08:00,https://www.thedigitalincomeedit.com/learn/creating-your-first-offer,first-offer-scope,editorial-cover,NO,READY,Cut The Extra Promises,America/New_York,APPROVED,4a7b00d76649048d28ffc1234507504a365f376100de7ed965cd68a3ed2f0e46,ON
png/core-w42-22-audience-question-bank-v1.png,Turn One Audience Question Into a Focused Faceless Post With a Next Step,"A focused content draft answers one question well. Put the useful answer near the start, add the detail that helps the reader understand it, and finish with one relevant next step. Keep the wording close enough to the original question that the person who asked it would recognise the help. Remove private identifying details before publishing. You are building a useful answer, not promising that a post will become popular. Explore TDIE on Skool. Images are AI-generated.","TDIE hot-pink-block pin reading “Keep The Answer Useful”, with three practical content edit steps, pink and cream cards, illustrative AI-generated imagery and the brand lockup.",https://www.skool.com/thedigitalincomeedit/about,Faceless Content Ideas,2026-10-17,11:00,https://www.thedigitalincomeedit.com/learn/content-from-questions,audience-question-bank,hot-pink-block,NO,READY,Keep The Answer Useful,America/New_York,APPROVED,4abb76231db339ea43d54c9e556e53733fda7136844e043c81f72c1b0ba54b79,ON
png/core-w42-23-brand-recognition-v1.png,Give a Faceless Brand a Clear Reader and a Repeatable Point of View,"Your layouts can change while the brand’s point of view stays recognisable. Choose the person you are speaking to, the opinion you can support, and a repeatable way of explaining useful ideas. Read a few drafts together and check whether the words sound like work from the same business. Keep room for new examples rather than copying a caption formula forever. This is a writing check, not a guarantee of recognition or growth. Explore TDIE on Skool. Images are AI-generated.","TDIE left-rail pin reading “Keep Your Point Of View”, with three practical brand edit steps, pink and cream cards, illustrative AI-generated imagery and the brand lockup.",https://www.skool.com/thedigitalincomeedit/about,Faceless Digital Marketing for Beginners,2026-10-17,14:00,https://www.thedigitalincomeedit.com/learn/logo-off-test,brand-recognition,left-rail,NO,READY,Keep Your Point Of View,America/New_York,APPROVED,9302aefd4086dbccd62ce720b789fdd0b719a44197c94bbdcac1ad3412087438,ON
png/core-w42-24-evergreen-blog-writing-v1.png,Edit a Beginner Blog Draft for a Reader Who Has Never Met Your Business,"Read your draft as someone arriving from a search. Check whether the opening answers her question, whether the headings explain what comes next, and whether links have a useful reason to be there. Remove the assumptions that only a regular reader would understand. End with a relevant next step rather than a list of unrelated offers. These checks support clarity; they do not guarantee search rankings, traffic or sales. Explore TDIE on Skool. Images are AI-generated.","TDIE number-lead pin reading “Read It Like A Stranger”, with three practical blog edit steps, pink and cream cards, illustrative AI-generated imagery and the brand lockup.",https://www.skool.com/thedigitalincomeedit/about,Beginner Online Business Ideas,2026-10-17,17:00,https://www.thedigitalincomeedit.com/learn/blogging-guide,evergreen-blog-writing,number-lead,NO,READY,Read It Like A Stranger,America/New_York,APPROVED,2d9d1dcd680ef2c14da53ff0164a620a525c4f3b3fdbd14f5413ebe4972b9386,ON
png/core-w42-25-automation-sequence-v1.png,Test a Business Automation Against Its Actual Result Before Relying on It,"A setup screen does not prove that the intended result arrived. Use a safe test input, follow the process through its destination, and read the result back independently. Record missing or duplicate effects before retrying. Keep the owner and pause route clear so a failure has somewhere to go. This is a verification habit for a process you control, not evidence that a platform or this pictured setup is fully automatic. Explore TDIE on Skool. Images are AI-generated.","TDIE quote-card pin reading “Test The Actual Result”, with three practical systems edit steps, pink and cream cards, illustrative AI-generated imagery and the brand lockup.",https://www.skool.com/thedigitalincomeedit/about,Faceless Digital Marketing for Beginners,2026-10-18,08:00,https://www.thedigitalincomeedit.com/learn/business-that-runs-without-you,automation-sequence,quote-card,NO,READY,Test The Actual Result,America/New_York,APPROVED,b281f5663f7b9574601d069f401ef1090e6192a1505dda39e09d0b26a3b2f31e,ON
png/core-w42-26-existing-content-inventory-v1.png,Give Existing Business Content a Useful Public Route Without Copying Private Work,"An archive becomes more useful when each idea has a clear route. Record the question it answers, the original location, and a suitable next format. A private lesson can inform a fresh public tip without having its restricted text copied into the open. Check ownership and permission before adapting anything. Choose one piece and edit it for the new reader. Reuse is a deliberate production job, not permission to republish every file. Explore TDIE on Skool. Images are AI-generated.","TDIE split-horizon pin reading “Give Each Idea A Route”, with three practical asset edit steps, pink and cream cards, illustrative AI-generated imagery and the brand lockup.",https://www.skool.com/thedigitalincomeedit/about,Faceless Content Ideas,2026-10-18,11:00,https://www.thedigitalincomeedit.com/learn/room-with-one-door,existing-content-inventory,split-horizon,YES,READY,Give Each Idea A Route,America/New_York,APPROVED,59271d986556f7f58f04b4f5dbdb1296108a6201e9cd1efb27be1c7e8c79bbcc,ON
png/core-w42-27-welcome-email-planning-v1.png,Connect Your First Welcome Emails With a Purpose for Each Message,"A welcome sequence needs a thread the reader can follow. Begin with why she subscribed, then decide what each message helps her do next. Read the outline from start to finish and remove repeated jobs or sudden jumps to unrelated offers. Keep each next step relevant to the original promise. Test the actual settings separately before relying on delivery. Writing the sequence is preparation; a live test is a different piece of evidence. Explore TDIE on Skool. Images are AI-generated.","TDIE lower-third pin reading “Connect The Welcome Messages”, with three practical email edit steps, pink and cream cards, illustrative AI-generated imagery and the brand lockup.",https://www.skool.com/thedigitalincomeedit/about,Passive Income Ideas for Beginners,2026-10-18,14:00,https://www.thedigitalincomeedit.com/learn/email-marketing-guide,welcome-email-planning,lower-third,YES,READY,Connect The Welcome Messages,America/New_York,APPROVED,ddcfaa269558f5ec0ecabfe5442038a3b7372b01a573b08c6def23c14018b28f,ON
png/core-w42-28-pinterest-keyword-writing-v1.png,Review Pinterest Copy for Natural Wording and an Honest Destination Promise,"A pin description can explain the idea without turning into a list of keywords. Write natural sentences about the useful topic and make sure they match the visual. Read the destination separately before naming the next step. Do not promise an instant file if the link leads to an introduction page. Save the check for your next copy review. This pin leads to TDIE on Skool and makes no promise about rankings, reach or clicks. Explore TDIE on Skool. Images are AI-generated.","TDIE stacked-panels pin reading “Make The Next Step Honest”, with three practical pinterest edit steps, pink and cream cards, illustrative AI-generated imagery and the brand lockup.",https://www.skool.com/thedigitalincomeedit/about,Beginner Online Business Ideas,2026-10-18,17:00,https://www.thedigitalincomeedit.com/learn/pinterest-seo,pinterest-keyword-writing,stacked-panels,NO,READY,Make The Next Step Honest,America/New_York,APPROVED,13c05db9cbd9c31e21f4e967e55b58ba010bcc789ccddff61d158388c87f45a4,ON
