file,title,description,alt,link,board,date,time,source,topic_family,layout,persona_required,status,overlay,timezone,approval,asset_sha256,ai_label,public_image_url,id
png/core-catchup-01-pool6-six-faces-2026-10-v1.png,AI Image Generator Comparison: One Reference and Six Different Faces,"Jodie tested one reference and one prompt across six generators and got visibly different faces. This comparison shows her observed outputs, not a promise that every tool behaves the same way in every test. Look at identity before choosing the prettiest scene. If the face drifts, test again before changing everything at once. Save this reminder for your next AI character comparison. The images come from that test. Explore TDIE on Skool. Images are AI-generated.",TDIE pink-and-cream comparison pin headed “Same Prompt. Different Faces.” Six AI-generated portraits from Jodie’s one-reference test sit in labelled frames above the Skool button.,https://www.skool.com/thedigitalincomeedit/about,Faceless Digital Marketing for Beginners,2026-10-06,08:00,https://www.skool.com/thedigitalincomeedit/same-reference-same-prompt-six-different-women,ai-generator-identity,collage,NO,READY,Same Prompt. Different Faces.,America/New_York,APPROVED,4d7b674144cbe412bf65a679bd2381dd041d2f277dd92a7d5ee00d049a93f303,ON,https://raw.githubusercontent.com/jodiedeo7-glitch/tdie/main/pins-public/core-catchup-01-pool6-six-faces-2026-10-v1.png,core-catchup-01-pool6-six-faces-2026-10-v1
png/core-catchup-02-niche-three-circles-2026-10-v1.png,How to Choose a Business Niche Using Three Practical Starting Questions,"A useful business niche sits where your experience, a real problem and a possible product overlap. Start with three questions: what can you explain clearly, what do people already ask for, and what could you make to help? Write the overlap as one person in one situation. A broad label such as women or beginners gives you very little to work with. Save the questions and test a small idea before building a whole brand. Explore TDIE on Skool. Images are AI-generated.","TDIE editorial-cover pin with the words “Pick Your Niche Deliberately”, practical niche edit steps, pink and cream styling, AI-generated imagery and the brand lockup.",https://www.skool.com/thedigitalincomeedit/about,Beginner Online Business Ideas,2026-10-06,11:00,https://www.thedigitalincomeedit.com/learn/choosing-a-niche,niche-selection,editorial-cover,NO,READY,Pick Your Niche Deliberately,America/New_York,APPROVED,a86e821d0df812803a62bcc504b8d1bb617e2b91325bb3fc1587669459118f5c,ON,https://raw.githubusercontent.com/jodiedeo7-glitch/tdie/main/pins-public/core-catchup-02-niche-three-circles-2026-10-v1.png,core-catchup-02-niche-three-circles-2026-10-v1
png/core-catchup-03-checklist-plan-first-2026-10-v1.png,A Faceless Launch Checklist Starts With Decisions Before Daily Tasks,"The 30-Day Faceless Launch Checklist is a five-page planning resource in TDIE’s product canon. This new pin takes its plan-first angle: choose what you are offering, map the phases, then give each day a task you can actually check off. Keep the plan somewhere you will see it while you work. A checklist is a reminder and a structure, not a guarantee of sales. Save this approach before opening another blank launch document. Explore TDIE on Skool. Images are AI-generated.","TDIE hot-pink-block pin with the words “Plan Before You Launch”, practical launch edit steps, pink and cream styling, AI-generated imagery and the brand lockup.",https://www.skool.com/thedigitalincomeedit/about,Faceless Content Ideas,2026-10-06,14:00,ops/canon/canon.json: The 30-Day Faceless Launch Checklist; pins-public/tdie-pin-launch-checklist-05.png,launch-checklist,hot-pink-block,NO,READY,Plan Before You Launch,America/New_York,APPROVED,1ffb391d5e11cfa09efbe55ee9b15d3176fc2a5c08344614c7492f1f6e44a564,ON,https://raw.githubusercontent.com/jodiedeo7-glitch/tdie/main/pins-public/core-catchup-03-checklist-plan-first-2026-10-v1.png,core-catchup-03-checklist-plan-first-2026-10-v1
png/core-catchup-04-finish-list-2026-10-v1.png,A Weekly Finish List for Beginners Building Their First Online Business,"When the dashboard feels quiet, keep a truthful record of what you finished. A weekly finish list can include a published article, a live listing or an email you actually sent. Date the entries and separate finished work from drafts still waiting in a folder. You cannot choose how many people notice something today, but you can choose whether it is ready to meet them. Save this simple check for your next weekly business review. Explore TDIE on Skool. Images are AI-generated.","TDIE left-rail pin with the words “Track What You Finish”, practical your weekly scoreboard steps, pink and cream styling, AI-generated imagery and the brand lockup.",https://www.skool.com/thedigitalincomeedit/about,Money Mindset for Women in Business,2026-10-06,17:00,https://www.thedigitalincomeedit.com/learn/measuring-the-wrong-thing,finished-work-scoreboard,left-rail,NO,READY,Track What You Finish,America/New_York,APPROVED,a190bf9a82ee3811e360bd39fc6172268cd17fbe220c8aef38841808162f5f2d,ON,https://raw.githubusercontent.com/jodiedeo7-glitch/tdie/main/pins-public/core-catchup-04-finish-list-2026-10-v1.png,core-catchup-04-finish-list-2026-10-v1
png/core-catchup-05-offer-bottleneck-2026-10-v1.png,How to Scope Your First Digital Offer Around One Specific Bottleneck,"Your first digital offer does not need to solve every problem your reader has. Pick one stuck moment she can describe, name the useful result, and choose the lightest format that helps her move forward. A checklist, template or short guide may be enough for that one job. Write the promise in a plain sentence and ask real people whether they understand it. Save this scope check before turning a small offer into a giant course. Explore TDIE on Skool. Images are AI-generated.","TDIE number-lead pin with the words “Solve One Small Bottleneck”, practical first offer edit steps, pink and cream styling, AI-generated imagery and the brand lockup.",https://www.skool.com/thedigitalincomeedit/about,Passive Income Ideas for Beginners,2026-10-07,08:00,https://www.thedigitalincomeedit.com/learn/creating-your-first-offer,first-offer-scope,number-lead,NO,READY,Solve One Small Bottleneck,America/New_York,APPROVED,3b4af7d128bba25ba9085da8873dabbdaaef531950606d7485783743cfc50dd0,ON,https://raw.githubusercontent.com/jodiedeo7-glitch/tdie/main/pins-public/core-catchup-05-offer-bottleneck-2026-10-v1.png,core-catchup-05-offer-bottleneck-2026-10-v1
png/core-catchup-06-questions-not-topics-2026-10-v1.png,Turn Real Audience Questions Into a Useful Faceless Content Idea Bank,"A content bank can start with the questions people actually ask. Save the wording from comments, messages, emails and conversations, then mark the questions that come up again. Those repeats give you a practical place to begin. Answer one question clearly before adding a long introduction or five extra topics. Keep personal details out of your notes when they are not needed. Save this method for the next day you think you have nothing to post. Explore TDIE on Skool. Images are AI-generated.","TDIE quote-card pin with the words “Collect Questions. Then Create.”, practical content edit steps, pink and cream styling, AI-generated imagery and the brand lockup.",https://www.skool.com/thedigitalincomeedit/about,Faceless Content Ideas,2026-10-07,11:00,https://www.thedigitalincomeedit.com/learn/content-from-questions,audience-question-bank,quote-card,NO,READY,Collect Questions. Then Create.,America/New_York,APPROVED,b6da031284b5bdffbd3969e43f41b5df1c310c34900bb6667c030826db61acb9,ON,https://raw.githubusercontent.com/jodiedeo7-glitch/tdie/main/pins-public/core-catchup-06-questions-not-topics-2026-10-v1.png,core-catchup-06-questions-not-topics-2026-10-v1
png/core-catchup-07-logo-off-test-2026-10-v1.png,The Logo-Off Test for a Faceless Brand That Wants Recognisable Content,"Try a recognition check before changing your logo again. Copy the words from your ten most recent posts into a plain document and remove the handle, images and brand colours. Read them cold. Look for a clear opinion, a specific reader and a consistent way of teaching. If the words could belong to any account, choose one of those pieces to strengthen in the next post. Save the logo-off test for a useful brand review. Explore TDIE on Skool. Images are AI-generated.","TDIE split-horizon pin with the words “Cover The Logo First”, practical brand edit steps, pink and cream styling, AI-generated imagery and the brand lockup.",https://www.skool.com/thedigitalincomeedit/about,Faceless Digital Marketing for Beginners,2026-10-07,14:00,https://www.thedigitalincomeedit.com/learn/logo-off-test,brand-recognition,split-horizon,YES,READY,Cover The Logo First,America/New_York,APPROVED,46e7388a9517c07cb4723a3c2834d7bd42bfe4d473c8688317c3edf3f55ebf8c,ON,https://raw.githubusercontent.com/jodiedeo7-glitch/tdie/main/pins-public/core-catchup-07-logo-off-test-2026-10-v1.png,core-catchup-07-logo-off-test-2026-10-v1
png/core-catchup-08-blog-answer-first-2026-10-v1.png,Write a Useful Beginner Blog Post by Answering the Main Question First,"A helpful blog post starts with a question your reader genuinely has. Say what the page will answer, give the main answer early, and use the rest of the article to explain the details. Descriptive headings help a reader find the part she needs. End with a useful next step rather than making her guess where to go. This is a writing framework, not a promise of search rankings. Save it before outlining your next evergreen article. Explore TDIE on Skool. Images are AI-generated.","TDIE lower-third pin with the words “Answer Before The Introduction”, practical blog edit steps, pink and cream styling, AI-generated imagery and the brand lockup.",https://www.skool.com/thedigitalincomeedit/about,Beginner Online Business Ideas,2026-10-07,17:00,https://www.thedigitalincomeedit.com/learn/blogging-guide,evergreen-blog-writing,lower-third,YES,READY,Answer Before The Introduction,America/New_York,APPROVED,a48c1987c9a4f14a0f986e8bf79d7c83f940bdbb6e7ce8fbd7565218ec9f9e00,ON,https://raw.githubusercontent.com/jodiedeo7-glitch/tdie/main/pins-public/core-catchup-08-blog-answer-first-2026-10-v1.png,core-catchup-08-blog-answer-first-2026-10-v1
png/core-catchup-09-welcome-email-purpose-2026-10-v1.png,Plan a Beginner Welcome Email Sequence With One Clear Job Per Message,"A welcome email sequence is easier to plan when each message has a job. Start by explaining what a subscriber can expect, then help with a problem connected to why she joined. Give her a relevant next step when it fits. Write the purpose of each email before its subject line so the series has a clear thread. This pin is a planning aid, not proof that any automation is connected or running. Save it for your next email outline. Explore TDIE on Skool. Images are AI-generated.","TDIE stacked-panels pin with the words “Give Each Email A Job”, practical email edit steps, pink and cream styling, AI-generated imagery and the brand lockup.",https://www.skool.com/thedigitalincomeedit/about,Passive Income Ideas for Beginners,2026-10-08,14:00,https://www.thedigitalincomeedit.com/learn/email-marketing-guide,welcome-email-planning,stacked-panels,NO,READY,Give Each Email A Job,America/New_York,APPROVED,c5ead03854a0961c5c246ed33262b731ae83b547ade59a19b6e6de77dd04be71,ON,https://raw.githubusercontent.com/jodiedeo7-glitch/tdie/main/pins-public/core-catchup-09-welcome-email-purpose-2026-10-v1.png,core-catchup-09-welcome-email-purpose-2026-10-v1
png/core-catchup-10-content-inventory-2026-10-v1.png,Find Useful Existing Content Before Starting Another Business Content Batch,"Before deciding you need more content, make an inventory of what you already have. Include useful lessons, detailed posts, PDFs and emails that answered a real question. Note the topic and where each piece lives. Then pick one idea that could help a new reader and decide how to adapt it for a public format. An inventory does not make restricted lessons public by itself. Save this check before starting the next content batch from scratch. Explore TDIE on Skool. Images are AI-generated.","TDIE torn-paper pin with the words “Inventory Before You Create”, practical asset edit steps, pink and cream styling, AI-generated imagery and the brand lockup.",https://www.skool.com/thedigitalincomeedit/about,Faceless Content Ideas,2026-10-08,11:00,https://www.thedigitalincomeedit.com/learn/room-with-one-door,existing-content-inventory,torn-paper,NO,READY,Inventory Before You Create,America/New_York,APPROVED,9a2e6ad4abbcd844305ecaa3b1da0f379d61aebc05608629481721793188ecd3,ON,https://raw.githubusercontent.com/jodiedeo7-glitch/tdie/main/pins-public/core-catchup-10-content-inventory-2026-10-v1.png,core-catchup-10-content-inventory-2026-10-v1
png/core-catchup-11-manual-before-auto-2026-10-v1.png,A Beginner Business Automation Check: Make the Manual Process Work First,"Before automating a business task, make sure the manual version works. Walk through the steps, note where it breaks, and write down the version you can repeat reliably. Then decide which part is worth automating. Keep a way to verify the result and handle an error. This is process planning, not a claim that a tool will run your whole business unattended. Save the order for the next time a new automation looks more tempting than fixing the task. Explore TDIE on Skool. Images are AI-generated.","TDIE editorial-cover pin with the words “Make It Work First”, practical systems edit steps, pink and cream styling, AI-generated imagery and the brand lockup.",https://www.skool.com/thedigitalincomeedit/about,Faceless Digital Marketing for Beginners,2026-10-08,08:00,https://www.thedigitalincomeedit.com/learn/business-that-runs-without-you,automation-sequence,editorial-cover,NO,READY,Make It Work First,America/New_York,APPROVED,3a9545d8d2f2cc94205c442237ea7b2e0628c8c4f7bd0d8b53f9a864d0fcb19b,ON,https://raw.githubusercontent.com/jodiedeo7-glitch/tdie/main/pins-public/core-catchup-11-manual-before-auto-2026-10-v1.png,core-catchup-11-manual-before-auto-2026-10-v1
png/core-catchup-12-pin-title-topic-2026-10-v1.png,Write a Pinterest Pin Title That Clearly Names Its Actual Topic,"A pin title should help a reader understand the actual topic before she opens it. Name the thing you teach and add the relevant situation or audience when it makes the title clearer. Keep the words connected to the image and destination. A pretty headline still needs to explain what the pin is about. This is a clarity check, not a promise that wording will guarantee reach. Save it before writing titles for your next Pinterest batch. Explore TDIE on Skool. Images are AI-generated.","TDIE hot-pink-block pin with the words “Name The Actual Topic”, practical pinterest edit steps, pink and cream styling, AI-generated imagery and the brand lockup.",https://www.skool.com/thedigitalincomeedit/about,Beginner Online Business Ideas,2026-10-08,17:00,https://www.thedigitalincomeedit.com/learn/pinterest-seo,pinterest-keyword-writing,hot-pink-block,NO,READY,Name The Actual Topic,America/New_York,APPROVED,232386370710b5b4511a855ae34132b36953a716033134d41a62fcd9327e4600,ON,https://raw.githubusercontent.com/jodiedeo7-glitch/tdie/main/pins-public/core-catchup-12-pin-title-topic-2026-10-v1.png,core-catchup-12-pin-title-topic-2026-10-v1
png/core-catchup-13-identity-before-pretty-2026-10-v1.png,Choose AI Character Outputs by Identity Before the Prettiest Background,"Jodie’s six-generator comparison is a useful reminder to judge identity before scenery. When you compare AI character outputs, keep the reference and prompt stable enough to understand what changed. Choose the face that stays closest to the intended character, then refine the scene. A prettier background does not fix a different identity. This is a check drawn from her observed test, not a consistency guarantee. Save it for your next comparison. Explore TDIE on Skool. Images are AI-generated.","TDIE left-rail pin with the words “Identity Before Pretty Backgrounds”, practical ai edit steps, pink and cream styling, AI-generated imagery and the brand lockup.",https://www.skool.com/thedigitalincomeedit/about,Faceless Content Ideas,2026-10-09,08:00,https://www.skool.com/thedigitalincomeedit/same-reference-same-prompt-six-different-women,ai-generator-identity,left-rail,NO,READY,Identity Before Pretty Backgrounds,America/New_York,APPROVED,9e46f3a3437c04dd51fb85942fbbdd43c02684b073c5a37881b895bfc1d30c97,ON,https://raw.githubusercontent.com/jodiedeo7-glitch/tdie/main/pins-public/core-catchup-13-identity-before-pretty-2026-10-v1.png,core-catchup-13-identity-before-pretty-2026-10-v1
png/core-catchup-14-niche-test-2026-10-v1.png,A Small Niche Test Before You Build a Whole Faceless Business Brand,"A niche choice gets more useful when you turn it into a small test. Write down one reader in one situation, collect the questions she asks about that problem, and sketch a product that could help. Look for demand in real conversations rather than choosing only because a topic looks popular. You can refine the niche as you learn. Save these checks before spending your next weekend building branding for an idea you have not examined yet. Explore TDIE on Skool. Images are AI-generated.","TDIE number-lead pin with the words “Test One Niche Idea”, practical research edit steps, pink and cream styling, AI-generated imagery and the brand lockup.",https://www.skool.com/thedigitalincomeedit/about,Beginner Online Business Ideas,2026-10-09,11:00,https://www.thedigitalincomeedit.com/learn/choosing-a-niche,niche-selection,number-lead,NO,READY,Test One Niche Idea,America/New_York,APPROVED,ada02fc432a611c00dc7c265d16ade8781aad1e9617fa37793fdb1c3a03a36d4,ON,https://raw.githubusercontent.com/jodiedeo7-glitch/tdie/main/pins-public/core-catchup-14-niche-test-2026-10-v1.png,core-catchup-14-niche-test-2026-10-v1
png/core-catchup-15-checklist-close-2026-10-v1.png,A Launch Closing Checklist for Clear Messages and a Deadline You Keep,"Closing a launch needs its own plan. The existing TDIE checklist image names three jobs: send a clear last-call email, answer final objections, and close on time. This new variant turns those into a practical reminder without repeating its original wording or claiming results. Use an honest deadline and keep it. If you extend an offer, explain that change clearly. Save this closing check while you plan a launch, before the final day gets busy. Explore TDIE on Skool. Images are AI-generated.","TDIE quote-card pin with the words “Close When You Said”, practical closing edit steps, pink and cream styling, AI-generated imagery and the brand lockup.",https://www.skool.com/thedigitalincomeedit/about,Faceless Digital Marketing for Beginners,2026-10-09,14:00,pins-public/tdie-pin-launch-checklist-07.png; ops/canon/canon.json: The 30-Day Faceless Launch Checklist,launch-checklist,quote-card,NO,READY,Close When You Said,America/New_York,APPROVED,0122d89899453de2bbc1e75ec507fa445410ba80641c1389d1b22ffba7d83523,ON,https://raw.githubusercontent.com/jodiedeo7-glitch/tdie/main/pins-public/core-catchup-15-checklist-close-2026-10-v1.png,core-catchup-15-checklist-close-2026-10-v1
png/core-catchup-16-study-not-score-2026-10-v1.png,Use Other Creators’ Work to Study Structure Without Scoring Yourself,"Looking at another creator’s work can be useful when you leave with a specific lesson. Notice how she structures an explanation, names a reader’s problem or makes the next step clear. Write down one technique you could test. If you are only ranking your beginning against her visible results, close the tab and return to your own finish list. Save this distinction for the next business review that turns into an hour of comparing yourself. Explore TDIE on Skool. Images are AI-generated.","TDIE split-horizon pin with the words “Study It. Don’t Score Yourself.”, practical mindset edit steps, pink and cream styling, AI-generated imagery and the brand lockup.",https://www.skool.com/thedigitalincomeedit/about,Money Mindset for Women in Business,2026-10-09,17:00,https://www.thedigitalincomeedit.com/learn/measuring-the-wrong-thing,finished-work-scoreboard,split-horizon,YES,READY,Study It. Don’t Score Yourself.,America/New_York,APPROVED,bfcb0473e4f61d83a3146f4f242d48c9bec024c8e0c9ecf0c64ebae8b8ef4035,ON,https://raw.githubusercontent.com/jodiedeo7-glitch/tdie/main/pins-public/core-catchup-16-study-not-score-2026-10-v1.png,core-catchup-16-study-not-score-2026-10-v1
png/core-catchup-17-offer-one-person-2026-10-v1.png,Write a Clear First Offer Sentence for One Person With One Problem,"A first offer is easier to explain when its sentence names one person and one problem. Say who it helps, what useful change it supports, and what form the help takes. Cut the extra outcomes you cannot reasonably deliver in that first version. Ask someone to repeat the offer back without your explanation. If she cannot, simplify the sentence before expanding the product. Save this clarity check for your next digital offer draft. Explore TDIE on Skool. Images are AI-generated.","TDIE lower-third pin with the words “One Person. One Problem.”, practical offer edit steps, pink and cream styling, AI-generated imagery and the brand lockup.",https://www.skool.com/thedigitalincomeedit/about,Passive Income Ideas for Beginners,2026-10-10,08:00,https://www.thedigitalincomeedit.com/learn/creating-your-first-offer,first-offer-scope,lower-third,YES,READY,One Person. One Problem.,America/New_York,APPROVED,ba6bb6c36ea09d82c18f135852e02fa05c83e5397e6b85b6510e4534b418e7e4,ON,https://raw.githubusercontent.com/jodiedeo7-glitch/tdie/main/pins-public/core-catchup-17-offer-one-person-2026-10-v1.png,core-catchup-17-offer-one-person-2026-10-v1
png/core-catchup-18-content-answer-shape-2026-10-v1.png,Structure a Helpful Faceless Post Around One Real Audience Question,"One real audience question can become a focused post. Put the answer near the start, explain the detail that makes it useful, and end with one action the reader can try. You do not need to turn every answer into a complete course. Keep the wording connected to the original question so the person who asked it would recognise the help. Save this simple structure for a faceless content day when your ideas feel scattered. Explore TDIE on Skool. Images are AI-generated.","TDIE stacked-panels pin with the words “One Question. One Useful Answer.”, practical answer edit steps, pink and cream styling, AI-generated imagery and the brand lockup.",https://www.skool.com/thedigitalincomeedit/about,Faceless Content Ideas,2026-10-10,11:00,https://www.thedigitalincomeedit.com/learn/content-from-questions,audience-question-bank,stacked-panels,NO,READY,One Question. One Useful Answer.,America/New_York,APPROVED,2123c4cfa9b54582d6a157281bf70c4fe89f9569167daccc8e4a7dae44987c91,ON,https://raw.githubusercontent.com/jodiedeo7-glitch/tdie/main/pins-public/core-catchup-18-content-answer-shape-2026-10-v1.png,core-catchup-18-content-answer-shape-2026-10-v1
png/core-catchup-19-brand-opinion-2026-10-v1.png,"Build Faceless Brand Recognition With a Reader, an Opinion and a Teaching Pattern","A recognisable faceless brand needs more than a colour palette. Choose a specific reader, a point of view you can stand behind, and a repeatable way of teaching. Those pieces can stay steady while your topics and individual layouts change. Try adding them to the next few posts and check whether the words sound like your work. This is a brand-writing exercise, not a promise of follower growth. Save it before reaching for another redesign. Explore TDIE on Skool. Images are AI-generated.","TDIE torn-paper pin with the words “Make Your Opinion Recognisable”, practical voice edit steps, pink and cream styling, AI-generated imagery and the brand lockup.",https://www.skool.com/thedigitalincomeedit/about,Faceless Digital Marketing for Beginners,2026-10-10,14:00,https://www.thedigitalincomeedit.com/learn/logo-off-test,brand-recognition,torn-paper,NO,READY,Make Your Opinion Recognisable,America/New_York,APPROVED,ac7fb77159bb73c167cda67b50bdb97401c1d525f05e37e9e6ee634ddc3948df,ON,https://raw.githubusercontent.com/jodiedeo7-glitch/tdie/main/pins-public/core-catchup-19-brand-opinion-2026-10-v1.png,core-catchup-19-brand-opinion-2026-10-v1
png/core-catchup-20-blog-heading-check-2026-10-v1.png,A Beginner Blog Editing Checklist for Clear Headings and Useful Next Steps,"Edit a blog draft from the reader’s side of the screen. Check whether the opening answers the main question, whether each heading explains what comes next, and whether links have a useful reason to be there. Finish with a relevant next step. These checks improve clarity without pretending that headings alone guarantee traffic. Save the list and use it after writing, when you can read the page as someone who has never met you. Explore TDIE on Skool. Images are AI-generated.","TDIE collage pin with the words “Make The Headings Helpful”, practical editing edit steps, pink and cream styling, AI-generated imagery and the brand lockup.",https://www.skool.com/thedigitalincomeedit/about,Beginner Online Business Ideas,2026-10-10,17:00,https://www.thedigitalincomeedit.com/learn/blogging-guide,evergreen-blog-writing,collage,NO,READY,Make The Headings Helpful,America/New_York,APPROVED,76645662cc2660681a29914e75bddb8d28fb19fcf9cdb2dde478a56c63615c3e,ON,https://raw.githubusercontent.com/jodiedeo7-glitch/tdie/main/pins-public/core-catchup-20-blog-heading-check-2026-10-v1.png,core-catchup-20-blog-heading-check-2026-10-v1
png/core-catchup-21-email-outline-2026-10-v1.png,Outline Your First Welcome Emails Before Adding Them to an Email Tool,"Before loading welcome emails into a tool, outline how the messages connect. Start with why the reader subscribed and what would help her next. Give each email a purpose, make the next step relevant, and read the sequence from start to finish. Check the actual links and delivery settings separately before turning anything on. Writing a sequence and running an automation are different jobs. Save this outline check for your first email series. Explore TDIE on Skool. Images are AI-generated.","TDIE editorial-cover pin with the words “Outline Before You Send”, practical sequence edit steps, pink and cream styling, AI-generated imagery and the brand lockup.",https://www.skool.com/thedigitalincomeedit/about,Passive Income Ideas for Beginners,2026-10-11,14:00,https://www.thedigitalincomeedit.com/learn/email-marketing-guide,welcome-email-planning,editorial-cover,NO,READY,Outline Before You Send,America/New_York,APPROVED,a96a3439d4c95e46332d79422f3728444cfcba1c7946aa8741e4db93ce5db83b,ON,https://raw.githubusercontent.com/jodiedeo7-glitch/tdie/main/pins-public/core-catchup-21-email-outline-2026-10-v1.png,core-catchup-21-email-outline-2026-10-v1
png/core-catchup-22-inventory-adapt-2026-10-v1.png,"Sort Existing Business Content by Topic, Location and a Useful Next Format","Turn a content inventory into a decision list. For each useful piece, note the question it answers, where the original lives, and a format that would make sense next. A lesson might inform an article outline or a public tip without copying restricted material into the open. Choose one adaptation and give it a clear destination. Reuse is a separate editing job, not an automatic permission to publish everything you find. Save this sorting check. Explore TDIE on Skool. Images are AI-generated.","TDIE hot-pink-block pin with the words “Sort Your Existing Ideas”, practical reuse edit steps, pink and cream styling, AI-generated imagery and the brand lockup.",https://www.skool.com/thedigitalincomeedit/about,Faceless Content Ideas,2026-10-11,11:00,https://www.thedigitalincomeedit.com/learn/room-with-one-door,existing-content-inventory,hot-pink-block,NO,READY,Sort Your Existing Ideas,America/New_York,APPROVED,17e163a44f5b2f7c0c596f4671d46c7d25f04ff859b17322c9fc8cf71b1779d9,ON,https://raw.githubusercontent.com/jodiedeo7-glitch/tdie/main/pins-public/core-catchup-22-inventory-adapt-2026-10-v1.png,core-catchup-22-inventory-adapt-2026-10-v1
png/core-catchup-23-automation-proof-2026-10-v1.png,Test a Business Automation From Start to Finish Before Relying on It,"A configured automation still needs a real test. Start with a safe input, follow the process to its actual result, and check whether the right thing arrived in the right place. Record failures before retrying to avoid a duplicate. Keep a clear way to pause the process if it stops behaving as expected. These are checks for a workflow you control, not a claim that any platform is fully hands-off. Save this reminder before relying on a new setup. Explore TDIE on Skool. Images are AI-generated.","TDIE left-rail pin with the words “Test The Whole Process”, practical verification edit steps, pink and cream styling, AI-generated imagery and the brand lockup.",https://www.skool.com/thedigitalincomeedit/about,Faceless Digital Marketing for Beginners,2026-10-11,08:00,https://www.thedigitalincomeedit.com/learn/business-that-runs-without-you,automation-sequence,left-rail,NO,READY,Test The Whole Process,America/New_York,APPROVED,ca978ef266a73f0d59700e09cf3ec1a9467297107ccae02a2d248dbe0406112a,ON,https://raw.githubusercontent.com/jodiedeo7-glitch/tdie/main/pins-public/core-catchup-23-automation-proof-2026-10-v1.png,core-catchup-23-automation-proof-2026-10-v1
png/core-catchup-24-pin-description-clarity-2026-10-v1.png,A Pinterest Description Check for Natural Wording and an Honest Next Step,A Pinterest description should explain the useful idea rather than stack a list of keywords. Use relevant words in natural sentences and make sure they match what is shown. Check the destination separately so the next step is honest. Do not promise a download if the link leads to an introduction page. Clear copy helps a person decide whether the pin is useful; it does not guarantee distribution. Save this check for your next pin copy review. Explore TDIE on Skool. Images are AI-generated.,"TDIE number-lead pin with the words “Write A Real Description”, practical copy edit steps, pink and cream styling, AI-generated imagery and the brand lockup.",https://www.skool.com/thedigitalincomeedit/about,Beginner Online Business Ideas,2026-10-11,17:00,https://www.thedigitalincomeedit.com/learn/pinterest-seo,pinterest-keyword-writing,number-lead,NO,READY,Write A Real Description,America/New_York,APPROVED,cd157217c50ebe0651d90db70d944a4d36092c4d11db0f147b23d45a351f47f2,ON,https://raw.githubusercontent.com/jodiedeo7-glitch/tdie/main/pins-public/core-catchup-24-pin-description-clarity-2026-10-v1.png,core-catchup-24-pin-description-clarity-2026-10-v1
