task_id,heading,source_path,source_line,source_block_hash,workflow_id,source_status,migration_status,note
LEGACY-1,1 · One-Sentence Offer tool: link from The Offer Edit's opening lesson (26 Sep 2026),ops/cloud-output/DESKTOP_FINISH_QUEUE.md,5,162f5ded5a588cab1d50280a6fca908cd669b322ade022cfaa2fbfc015983654,SKOOL,UNVERIFIED,RECONCILE_ONLY,Split per-account actions into child IDs after live inventory; this mapping is not execution authorization.
LEGACY-2,2 · The Weekend Ecosystem™ Beacons description (revised 26 Sep 2026),ops/cloud-output/DESKTOP_FINISH_QUEUE.md,18,0c8b83eef6f23c803c37523031fab782d0cae5781e557cd87716f02dfb150f8f,COMMERCE,UNVERIFIED,RECONCILE_ONLY,Split per-account actions into child IDs after live inventory; this mapping is not execution authorization.
LEGACY-3,"3 · The Weekend Ecosystem™ cover, carousel, OG and Meta ads (Job 10, 27 Sep 2026)",ops/cloud-output/DESKTOP_FINISH_QUEUE.md,22,f4fa1a461aaa59f37da33cdc948997f369b30f09323d1930312074365a0d2d49,VERIFY,UNVERIFIED,RECONCILE_ONLY,Split per-account actions into child IDs after live inventory; this mapping is not execution authorization.
LEGACY-4,"4 · The While-You-Sleep Storefront™: launch and own-setup fixes (27 Sep 2026, founder decisions applied)",ops/cloud-output/DESKTOP_FINISH_QUEUE.md,38,7e9d96099c154fe40b48143ebad6921dfdf7a082542daebfd2374d32d00eb0d3,VERIFY,UNVERIFIED,RECONCILE_ONLY,Split per-account actions into child IDs after live inventory; this mapping is not execution authorization.
LEGACY-4-1,Step 1 · Brand Closet™ referral check,ops/cloud-output/DESKTOP_FINISH_QUEUE.md,46,e51f47b61ad9319a5847dac8dc28e08ff555fe02db6dceadaedb6c1e63500b96,VERIFY,RECORDED_DONE,ARCHIVE_NO_REPLAY,Split per-account actions into child IDs after live inventory; this mapping is not execution authorization.
LEGACY-4-2,Step 2 · Images,ops/cloud-output/DESKTOP_FINISH_QUEUE.md,57,37f4ad64dcdf9e5fa1e6e2504610438565fdf3acc21aeebb4d3afc8033bb92c9,IMAGES,RECORDED_DONE,ARCHIVE_NO_REPLAY,Split per-account actions into child IDs after live inventory; this mapping is not execution authorization.
LEGACY-4-3,"Step 3 · Dates (founder decision, 27 Sep 2026; nothing to calculate)",ops/cloud-output/DESKTOP_FINISH_QUEUE.md,71,5217219aec5551b0695bca1a84db2eea30623ee3c2a2cbcf7ffc98dd99d3727a,VERIFY,UNVERIFIED,RECONCILE_ONLY,Split per-account actions into child IDs after live inventory; this mapping is not execution authorization.
LEGACY-4-4,Step 4 · Canon rows first (before any Beacons product exists),ops/cloud-output/DESKTOP_FINISH_QUEUE.md,93,65fd6c8135481822883757244703d3ef393498d4540d245d8d075a7564c65858,WEBSITE,RECORDED_DONE,ARCHIVE_NO_REPLAY,Split per-account actions into child IDs after live inventory; this mapping is not execution authorization.
LEGACY-4-5,Step 5 · Beacons,ops/cloud-output/DESKTOP_FINISH_QUEUE.md,102,8daa5cb3d0c1cf1230e0ece6720463407a339e1bbc11129dac62f6985409370a,COMMERCE,RECORDED_DONE,ARCHIVE_NO_REPLAY,Split per-account actions into child IDs after live inventory; this mapping is not execution authorization.
LEGACY-4-6,Step 6 · Affiliate,ops/cloud-output/DESKTOP_FINISH_QUEUE.md,113,a922795332623a76852e662e430b6e1df4da2a89805fd1c3b25abc68e2eb9619,COMMERCE,UNVERIFIED,RECONCILE_ONLY,Split per-account actions into child IDs after live inventory; this mapping is not execution authorization.
LEGACY-4-7,Step 7 · Vault lessons (one member-pricing lesson in BOTH vaults),ops/cloud-output/DESKTOP_FINISH_QUEUE.md,120,544b1bf74cfe33271e0b89dee627115c4d284e6e9063be0dc01ad2b56cc813ca,SKOOL,RECORDED_DONE,ARCHIVE_NO_REPLAY,Split per-account actions into child IDs after live inventory; this mapping is not execution authorization.
LEGACY-4-8,Step 8 · Sales page,ops/cloud-output/DESKTOP_FINISH_QUEUE.md,129,ed06097fb5f301ef6d5e18d934f5b0b678b09acf7230da47c3bdb0af2de9da10,WEBSITE,RECORDED_DONE,ARCHIVE_NO_REPLAY,Split per-account actions into child IDs after live inventory; this mapping is not execution authorization.
LEGACY-4-9,"Step 9 · Live test (the gate: before the tease, and the presale doesn't open until it passes)",ops/cloud-output/DESKTOP_FINISH_QUEUE.md,137,a50b112679f9769c6d80c6e9bfcc6bd0706e3687b1bcdc8077fdc04f972a9575,VERIFY,UNVERIFIED,RECONCILE_ONLY,Split per-account actions into child IDs after live inventory; this mapping is not execution authorization.
LEGACY-4-10,Step 10 · Scheduling,ops/cloud-output/DESKTOP_FINISH_QUEUE.md,151,7f07e2afbade06fb3e2960c3f73915faee913a8897ef1387bdbb6ec7941f111f,VERIFY,UNVERIFIED,RECONCILE_ONLY,Split per-account actions into child IDs after live inventory; this mapping is not execution authorization.
LEGACY-4-11,Step 11 · Presale open and launch morning,ops/cloud-output/DESKTOP_FINISH_QUEUE.md,161,ace402ca6f034856010e335957782c26fe417530c058c89cda013b0f2ac6abde,COMMERCE,UNVERIFIED,RECONCILE_ONLY,Split per-account actions into child IDs after live inventory; this mapping is not execution authorization.
LEGACY-4-12,Step 12 · Own-setup fixes,ops/cloud-output/DESKTOP_FINISH_QUEUE.md,169,7b0d482c0dcfc74e06adf032fefada4e5e2b1d29bbfe8e08d54bb0c1a74bb888,INTERNAL_AMAZON,UNVERIFIED,RECONCILE_ONLY,Split per-account actions into child IDs after live inventory; this mapping is not execution authorization.
LEGACY-4-13,Step 13 · Verify,ops/cloud-output/DESKTOP_FINISH_QUEUE.md,182,1053b9e551f63e314dd5d9a15d11f80ecf7efd2dcfe98d7f5a48326e15b7b249,VERIFY,UNVERIFIED,RECONCILE_ONLY,Split per-account actions into child IDs after live inventory; this mapping is not execution authorization.
